<?xml version="1.0" encoding="UTF-8" standalone="yes"?>
<addon 
	id="plugin.video.HieuHienLiveShow" 
	version="1.0.1" 
	name="[COLOR lime][B]HieuHienLiveShow[/B][/COLOR]" 
	provider-name="Hieuhien.vn">
	<requires> 
		<import addon="script.module.simplejson" />	
		<import addon="xbmc.python" version="2.1.0"/>
		<import addon="script.module.simple.downloader" version="1.9.4" />
		<import addon="repository.hieuhien.vn" optional="true" />
	</requires>
	<extension point="xbmc.python.pluginsource" library="liveshow.py">  
		<provides>video</provides>    
	</extension>
	<extension point="xbmc.addon.metadata">
		<summary>[COLOR red]Hieuhien.vn[/COLOR]</summary>
		<description>[COLOR lime][B]Add-on xem các show diễn ca nhạc, hài kịch online[/B][/COLOR]</description>
		<disclaimer>Tất cả nội dung được lấy từ Internet - chúng tôi hoàn toàn không chịu trách nhiệm về bản quyền hay độ ổn định của chương trình</disclaimer>
		<platform>all</platform>
	</extension>
</addon>