<favourites>
	<favourite name="Cable TV Channels" thumb="http://www.blackbox247.com/images/TV-Cables-logo.JPG">ActivateWindow(10025,&quot;plugin://plugin.program.super.favourites/?label=Cables TV Channels&amp;mode=400&amp;path=special%3A%2F%2Fhome%2Faddons%2Fplugin.video.live.streams%2FSuper%20Favourites%5CCables%20TV%20Channels&amp;sf_options=fanart%3Dspecial%3A%2F%2Fhome%2Faddons%5Cplugin.program.super.favourites%5Cfanart.jpg%26_options_sf&quot;,return)</favourite>
	<favourite name="Premium TV Channels" thumb="special://home/addons\script.smoothstreams\icon.png">RunScript(&quot;script.smoothstreams&quot;)</favourite>
	<favourite name="TV Channels" thumb="http://metalkettle.co/UKTurk/thumbs/UK TURK english tv.jpg">ActivateWindow(10025,&quot;plugin://plugin.video.ukturk/?description&amp;iconimage=http%3a%2f%2fmetalkettle.co%2fUKTurk%2fthumbs%2fUK%20TURK%20english%20tv.jpg&amp;mode=1&amp;name=English%20TV&amp;url=http%3a%2f%2fmetalkettle.co%2fUKTurk%2fEnglish.txt&quot;,return)</favourite>
	<favourite name="Chương Trình Tổng Hợp" thumb="http://www.blackbox247.com/images/VietTV24.png">ActivateWindow(10025,&quot;plugin://plugin.video.HopDenTV/&quot;,return)</favourite>
	<favourite name="NetTivi" thumb="special://home/addons/plugin.video.nettivi/icon.png">ActivateWindow(10025,&quot;plugin://plugin.video.nettivi/&quot;,return)</favourite>
	<favourite name="Live TV Channels" thumb="special://home/addons\plugin.video.mylivetv\icon.png">ActivateWindow(10025,&quot;plugin://plugin.video.mylivetv/?iconimage=special://home/addons\plugin.video.mylivetv\icon.png&amp;mode=2&amp;name=%5bCOLOR%20lime%5d%20Live%20TV%20Channels%5b%2fCOLOR%5d&amp;url=http%3a%2f%2fwww.youtube.com&quot;,return)</favourite>
	<favourite name="TV Hải Ngoại" thumb="special://home/addons/plugin.video.nettivi/resources/logos\haingoai.png">ActivateWindow(10025,&quot;plugin://plugin.video.nettivi/?iconimage=special://home/addons/plugin.video.nettivi/resources/logos\haingoai.png&amp;mode=2&amp;name=TV%20H%e1%ba%a3i%20Ngo%e1%ba%a1i&amp;url=https%3a%2f%2fraw.githubusercontent.com%2fdaveln%2frepository.daveln%2fmaster%2fplaylists%2fmy_tv.xml&quot;,return)</favourite>
	<favourite name="TV - Hải Ngoại" thumb="https://googledrive.com/host/0B7zkkQwo5pr5fjVUZG5MRkhFalRKTHF0T0poZnd6aTZUbmx1ZDZWMkwtR3FHZFhtdTB4TTQ/tvhaingoai.png">ActivateWindow(10025,&quot;plugin://plugin.video.livetv/?iconimage=https%3a%2f%2fgoogledrive.com%2fhost%2f0B7zkkQwo5pr5fjVUZG5MRkhFalRKTHF0T0poZnd6aTZUbmx1ZDZWMkwtR3FHZFhtdTB4TTQ%2ftvhaingoai.png&amp;mode=tvchannel&amp;name=%5bCOLOR%20yellow%5d%5bB%5dTV%20-%20H%e1%ba%a3i%20Ngo%e1%ba%a1i%5b%2fB%5d%5b%2fCOLOR%5d&amp;url=https%3a%2f%2fgoogledrive.com%2fhost%2f0B7zkkQwo5pr5fjNUcHcwMEkyS0gxUGRvQlMzaGpxSDQtZGNtUVZrSy1fQzhDSjJ1NEhmbmM%2ftvhaingoai.xml&quot;,return)</favourite>
	<favourite name="Đài Truyền Hình TV" thumb="http://www.blackbox247.com/images/IPTV.jpg">ActivateWindow(10025,&quot;plugin://plugin.video.nettivi/?iconimage=special://home/addons/plugin.video.nettivi/resources/logos\mytv.png&amp;mode=1&amp;name=%5bCOLOR%20orange%5dTV%5bCOLOR%20magenta%5d%20%2b%20%5bCOLOR%20orange%5d%c3%82m%20Nh%e1%ba%a1c%5bCOLOR%20magenta%5d%20%2b%20%5bCOLOR%20orange%5dRadio%20T%e1%bb%95ng%20H%e1%bb%a3p%5b%2fCOLOR%5d&amp;url=NoRedirect&quot;,return)</favourite>
	<favourite name="FPT Play" thumb="special://home/addons/plugin.video.fptplay/icon.png">ActivateWindow(10025,&quot;plugin://plugin.video.fptplay/&quot;,return)</favourite>
	<favourite name="TV-FPT Play" thumb="special://home/addons/plugin.video.sctv/icon.png">ActivateWindow(10025,&quot;plugin://plugin.video.sctv/&quot;,return)</favourite>
	<favourite name="TV Viet Nam" thumb="special://home/addons/plugin.video.tvvn/icon.png">ActivateWindow(10025,&quot;plugin://plugin.video.tvvn/&quot;,return)</favourite>
	<favourite name="TV - Trong Nước" thumb="https://googledrive.com/host/0B7zkkQwo5pr5fjVUZG5MRkhFalRKTHF0T0poZnd6aTZUbmx1ZDZWMkwtR3FHZFhtdTB4TTQ/tvtrongnuoc.png">ActivateWindow(10025,&quot;plugin://plugin.video.livetv/?iconimage=https%3a%2f%2fgoogledrive.com%2fhost%2f0B7zkkQwo5pr5fjVUZG5MRkhFalRKTHF0T0poZnd6aTZUbmx1ZDZWMkwtR3FHZFhtdTB4TTQ%2ftvtrongnuoc.png&amp;mode=tvchannel&amp;name=%5bCOLOR%20yellow%5d%5bB%5dTV%20-%20Trong%20N%c6%b0%e1%bb%9bc%5b%2fB%5d%5b%2fCOLOR%5d&amp;url=https%3a%2f%2fgoogledrive.com%2fhost%2f0B7zkkQwo5pr5fjNUcHcwMEkyS0gxUGRvQlMzaGpxSDQtZGNtUVZrSy1fQzhDSjJ1NEhmbmM%2ftvtrongnuoc.xml&quot;,return)</favourite>
	<favourite name="HTVC - HPlus" thumb="http://i.imgur.com/vT6ogsa.png">ActivateWindow(10025,&quot;plugin://plugin.video.itvplus/?iconimage=http%3a%2f%2fi.imgur.com%2fvT6ogsa.png&amp;mode=indexgroup&amp;name=HTVC%20-%20HPlus&amp;url=http%3a%2f%2fxbmc.itvplus.net%2fLIVE%2fHTV.xml&quot;,return)</favourite>
	<favourite name="FPT Play" thumb="http://i.imgur.com/1vqO42I.png">ActivateWindow(10025,&quot;plugin://plugin.video.itvplus/?iconimage=http%3a%2f%2fi.imgur.com%2f1vqO42I.png&amp;mode=indexgroup&amp;name=FPT%20Play&amp;url=http%3a%2f%2fxbmc.itvplus.net%2fLIVE%2fFPT.xml&quot;,return)</favourite>
	<favourite name="VTV Cab" thumb="http://i.imgur.com/dnFnXHT.png">ActivateWindow(10025,&quot;plugin://plugin.video.itvplus/?iconimage=http%3a%2f%2fi.imgur.com%2fdnFnXHT.png&amp;mode=indexgroup&amp;name=VTV%20Cab&amp;url=http%3a%2f%2fxbmc.itvplus.net%2fLIVE%2fVTVCAB.xml&quot;,return)</favourite>
	<favourite name="TV Việt" thumb="special://home/addons/plugin.video.nettivi/resources/logos\tvviet.png">ActivateWindow(10025,&quot;plugin://plugin.video.nettivi/?iconimage=%2fstorage%2femulated%2f0%2fAndroid%2fdata%2forg.xbmc.kodi%2ffiles%2f.kodi%2faddons%2fplugin.video.nettivi%2fresources%2flogos%5ctvviet.png&amp;mode=3&amp;name=TV%20Vi%e1%bb%87t&amp;url=http%3a%2f%2ftv.vnn.vn%2f&quot;,return)</favourite>
	<favourite name="TV Channels - HD" thumb="special://home/addons/plugin.video.mxncaa/icon.png">ActivateWindow(10025,&quot;plugin://plugin.video.mxncaa/&quot;,return)</favourite>
	<favourite name="Phoenix TV" thumb="http://shanghai.watchkodi.com/Phoenix%20Tv%20Icon.jpg">ActivateWindow(10025,&quot;plugin://plugin.video.phstreams/?action=ndmode&amp;audio=0&amp;content=0&amp;fanart=%2fstorage%2femulated%2f0%2fAndroid%2fdata%2forg.xbmc.kodi%2ffiles%2f.kodi%2faddons%2fplugin.video.phstreams%2ffanart.jpg&amp;image=http%3a%2f%2fshanghai.watchkodi.com%2fPhoenix%2520Tv%2520Icon.jpg&amp;name=Phoenix%20TV&amp;playable=false&amp;tvshow=0&amp;url=http%3a%2f%2fshanghai.watchkodi.com%2fmaindir%2fmain.xml&quot;,return)</favourite>
	<favourite name="Cloud TV" thumb="androidapp://sources/apps/com.cloud.tv.png">StartAndroidActivity(&quot;com.cloud.tv&quot;)</favourite>
	<favourite name="TV Tổng Hợp" thumb="special://home/addons/plugin.video.nettivi/resources/logos/thanh51.png">ActivateWindow(10025,&quot;plugin://plugin.video.nettivi/?iconimage=%2fstorage%2femulated%2f0%2fAndroid%2fdata%2forg.xbmc.kodi%2ffiles%2f.kodi%2faddons%2fplugin.video.nettivi%2fresources%2flogos%2fthanh51.png&amp;mode=11&amp;name=%5bCOLOR%20blue%5dTV%20T%e1%bb%95ng%20H%e1%bb%a3p%5bCOLOR%20magenta%5d%20-%20%5bCOLOR%20blue%5dthanh51%27s%20playlists%5b%2fCOLOR%5d&amp;url=NoRedirect&quot;,return)</favourite>
	<favourite name="Local Channels" thumb="special://home/addons/plugin.video.ustvnow-dixie/icon.png">ActivateWindow(10025,&quot;plugin://plugin.video.ustvnow-dixie/&quot;,return)</favourite>
	
</favourites>