<favourites>
	<favourite name="2015 HD movies" thumb="http://i.imgur.com/tgiZgd3.png">ActivateWindow(10025,&quot;plugin://plugin.video.phstreams/?action=ndmode&amp;audio=0&amp;content=0&amp;fanart=http%3a%2f%2fi.imgur.com%2fW7qRvEq.png&amp;image=http%3a%2f%2fi.imgur.com%2ftgiZgd3.png&amp;name=2015%20HD%20movies&amp;playable=false&amp;tvshow=0&amp;url=http%3a%2f%2ftuzla.watchkodi.com%2f2015%2520HD.xml&quot;,return)</favourite>
	<favourite name="[COLOR orangered]1[/COLOR][COLOR white]080P[/COLOR] [COLOR orangered]H[/COLOR][COLOR white]D[/COLOR] Movies" thumb="http://s6.postimg.org/vqvsd6h35/1080p.png">ActivateWindow(10025,&quot;plugin://plugin.video.phstreams/?action=ndmode&amp;audio=0&amp;content=0&amp;fanart=http%3a%2f%2fs6.postimg.org%2f4ph8mo5q9%2fBackdrop.png&amp;image=http%3a%2f%2fs6.postimg.org%2fvqvsd6h35%2f1080p.png&amp;name=%5bCOLOR%20orangered%5d1%5b%2fCOLOR%5d%5bCOLOR%20white%5d080P%5b%2fCOLOR%5d%20%5bCOLOR%20orangered%5dH%5b%2fCOLOR%5d%5bCOLOR%20white%5dD%5b%2fCOLOR%5d&amp;playable=false&amp;tvshow=0&amp;url=http%3a%2f%2fzenica.watchkodi.com%2fMovies%2f1080p%2520Movies.xml&quot;,return)</favourite>
	<favourite name="[COLOR yellow]2015 [/COLOR] HD Movies" thumb="https://repository-butchabay.googlecode.com/svn/branches/eden/skin.cirrus.extended.v2/extras/moviegenres/Movies.png">ActivateWindow(10025,&quot;plugin://plugin.video.phstreams/?action=ndmode&amp;audio=0&amp;content=0&amp;fanart=http%3a%2f%2fs5.postimg.org%2fn5fv921c7%2fFan_art.png&amp;image=http%3a%2f%2fs5.postimg.org%2fhsr0uxdfr%2fsections.jpg&amp;name=%5bCOLOR%20yellow%5d2015%20HD%5b%2fCOLOR%5d&amp;playable=false&amp;tvshow=0&amp;url=http%3a%2f%2fyork.watchkodi.com%2fAfdah%2fy2015.xml&quot;,return)</favourite>
	<favourite name="1080P Movies" thumb="http://i.imgur.com/huFDWrs.png">ActivateWindow(10025,&quot;plugin://plugin.video.phstreams/?action=ndmode&amp;audio=0&amp;content=0&amp;fanart=http%3a%2f%2fi.imgur.com%2fW7qRvEq.png&amp;image=http%3a%2f%2fi.imgur.com%2fhuFDWrs.png&amp;name=1080p%20movies&amp;playable=false&amp;tvshow=0&amp;url=http%3a%2f%2ftuzla.watchkodi.com%2f1080p%2520movies.xml&quot;,return)</favourite>
	<favourite name="Staael2014" thumb="http://s29.postimg.org/ta0bxj12f/staael1.png">ActivateWindow(10025,&quot;plugin://plugin.video.phstreams/?action=ndmode&amp;audio=0&amp;content=0&amp;fanart=%2fstorage%2femulated%2f0%2fAndroid%2fdata%2forg.xbmc.kodi%2ffiles%2f.kodi%2faddons%2fplugin.video.phstreams%2ffanart.jpg&amp;image=http%3a%2f%2fs29.postimg.org%2fta0bxj12f%2fstaael1.png&amp;name=Staael2014&amp;playable=false&amp;tvshow=0&amp;url=http%3a%2f%2ftuzla.watchkodi.com%2fmaindir%2fmain.xml&quot;,return)</favourite>
	<favourite name="TNPB" thumb="http://zenica.watchkodi.com/MyIcon.png">ActivateWindow(10025,&quot;plugin://plugin.video.phstreams/?action=ndmode&amp;audio=0&amp;content=0&amp;fanart=%2fstorage%2femulated%2f0%2fAndroid%2fdata%2forg.xbmc.kodi%2ffiles%2f.kodi%2faddons%2fplugin.video.phstreams%2ffanart.jpg&amp;image=http%3a%2f%2fzenica.watchkodi.com%2fMyIcon.png&amp;name=TNPB&amp;playable=false&amp;tvshow=0&amp;url=http%3a%2f%2fzenica.watchkodi.com%2fmaindir%2fmain.xml&quot;,return)</favourite>
	<favourite name="MovieStorm" thumb="special://home/addons/plugin.video.moviestorm/icon.png">ActivateWindow(10025,&quot;plugin://plugin.video.moviestorm/&quot;,return)</favourite>
	<favourite name="Genesis" thumb="special://home/addons/plugin.video.genesis/icon.png">ActivateWindow(10025,&quot;plugin://plugin.video.genesis/&quot;,return)</favourite>
	<favourite name="Rockcrusher" thumb="http://york.watchkodi.com/myicon.jpg">ActivateWindow(10025,&quot;plugin://plugin.video.phstreams/?action=ndmode&amp;audio=0&amp;content=0&amp;fanart=%2fstorage%2femulated%2f0%2fAndroid%2fdata%2forg.xbmc.kodi%2ffiles%2f.kodi%2faddons%2fplugin.video.phstreams%2ffanart.jpg&amp;image=http%3a%2f%2fyork.watchkodi.com%2fmyicon.jpg&amp;name=Rockcrusher&amp;playable=false&amp;tvshow=0&amp;url=http%3a%2f%2fyork.watchkodi.com%2fMainDir%2fmain.xml&quot;,return)</favourite>
	<favourite name="Phoenix" thumb="special://home/addons/plugin.video.phstreams/icon.png">ActivateWindow(10025,&quot;plugin://plugin.video.phstreams/&quot;,return)</favourite>
	<favourite name="1Channel" thumb="special://home/addons/plugin.video.1channel/icon.png">ActivateWindow(10025,&quot;plugin://plugin.video.1channel/&quot;,return)</favourite>
	<favourite name="Her Place * Movies" thumb="http://honolulu.watchkodi.com/myicon.jpg">ActivateWindow(10025,&quot;plugin://plugin.video.phstreams/?action=ndmode&amp;audio=0&amp;content=0&amp;fanart=%2fstorage%2femulated%2f0%2fAndroid%2fdata%2forg.xbmc.kodi%2ffiles%2f.kodi%2faddons%2fplugin.video.phstreams%2ffanart.jpg&amp;image=http%3a%2f%2fhonolulu.watchkodi.com%2fmyicon.jpg&amp;name=Her%20Place&amp;playable=false&amp;tvshow=0&amp;url=http%3a%2f%2fhonolulu.watchkodi.com%2fmaindir%2fmain.xml&quot;,return)</favourite>
	<favourite name="One242415" thumb="http://gibraltar.watchkodi.com/skullPhoenicIcon.png">ActivateWindow(10025,&quot;plugin://plugin.video.phstreams/?action=ndmode&amp;audio=0&amp;content=0&amp;fanart=%2fstorage%2femulated%2f0%2fAndroid%2fdata%2forg.xbmc.kodi%2ffiles%2f.kodi%2faddons%2fplugin.video.phstreams%2ffanart.jpg&amp;image=http%3a%2f%2fgibraltar.watchkodi.com%2fskullPhoenicIcon.png&amp;name=One242415&amp;playable=false&amp;tvshow=0&amp;url=http%3a%2f%2fgibraltar.watchkodi.com%2fmaindir%2fmain.xml&quot;,return)</favourite>
	<favourite name="Yify Movies HD" thumb="special://home/addons/plugin.video.yifymovies.hd/icon.png">ActivateWindow(10025,&quot;plugin://plugin.video.yifymovies.hd/&quot;,return)</favourite>
	<favourite name="The Mutts Nuts" thumb="special://home/addons/plugin.video.mutttsnutz/icon.png">ActivateWindow(10025,&quot;plugin://plugin.video.mutttsnutz/&quot;,return)</favourite>
	<favourite name="Icefilms" thumb="special://home/addons/plugin.video.icefilms/icon.png">ActivateWindow(10025,&quot;plugin://plugin.video.icefilms/&quot;,return)</favourite>
	<favourite name="Cliq!" thumb="special://home/addons/plugin.video.moviedb/icon.png">ActivateWindow(10025,&quot;plugin://plugin.video.moviedb/&quot;,return)</favourite>
	<favourite name="[COLOR aqua]Movies[/COLOR]" thumb="http://s2.postimg.org/jg6vup1wp/movies.png">ActivateWindow(10025,&quot;plugin://plugin.video.dijentertainments/?description&amp;mode=1&amp;name=%5bCOLOR%20aqua%5dMovies%5b%2fCOLOR%5d&amp;url=https%3a%2f%2fraw.github.com%2fdjjohnnyb15%2fdij-entertainments%2fmaster%2fDirectory%2fMovies%2fmoviedirectory.xml&quot;,return)</favourite>
	<favourite name="Featured Movies" thumb="special://home/addons/plugin.video.genesis/resources/media/gone/movies.jpg">ActivateWindow(10025,&quot;plugin://plugin.video.genesis/?action=movies&amp;url=featured&quot;,return)</favourite>
	<favourite name="Navi-X" thumb="special://home/addons/script.navi-x/icon.png">RunAddon(script.navi-x)</favourite>
	<favourite name="Classic Movies" thumb="http://metalkettle.co/UKTurk/thumbs/UK TURK old movies.jpg">ActivateWindow(10025,&quot;plugin://plugin.video.ukturk/?description&amp;iconimage=http%3a%2f%2fmetalkettle.co%2fUKTurk%2fthumbs%2fUK%20TURK%20old%20movies.jpg&amp;mode=1&amp;name=Classic%20Movies&amp;url=http%3a%2f%2fmetalkettle.co%2fUKTurk%2fmovies%2fIndex.txt&quot;,return)</favourite>
</favourites>