<favourites>
	<favourite name="Sports - Cable Channels" thumb="http://www.blackbox247.com/images/TV-Cables-logo.JPG">ActivateWindow(10025,&quot;plugin://plugin.program.super.favourites/?label=Sports Channels&amp;mode=400&amp;path=special%3A%2F%2Fhome%2Faddons%2Fplugin.video.live.streams%2FSuper%20Favourites%5CCables%20TV%20Channels%5CSports%20Channels&amp;sf_options=fanart%3Dspecial%3A%2F%2Fhome%2Faddons%5Cplugin.program.super.favourites%5Cfanart.jpg%26_options_sf&quot;,return)</favourite>
	<favourite name="Sports TV Channels" thumb="special://home/addons\script.smoothstreams\icon.png">RunScript(&quot;script.smoothstreams&quot;)</favourite>
	<favourite name="Sports Channels" thumb="http://metalkettle.co/UKTurk/thumbs/UK TURK sports.jpg">ActivateWindow(10025,&quot;plugin://plugin.video.ukturk/?description&amp;iconimage=http%3a%2f%2fmetalkettle.co%2fUKTurk%2fthumbs%2fUK%20TURK%20sports.jpg&amp;mode=1&amp;name=Sports&amp;url=http%3a%2f%2fmetalkettle.co%2fUKTurk%2fSports.txt&quot;,return)</favourite>
	<favourite name="SportsDevil" thumb="special://home/addons/plugin.video.SportsDevil/icon.png">ActivateWindow(10025,&quot;plugin://plugin.video.SportsDevil/&quot;,return)</favourite>
	<favourite name="Vdubt25" thumb="special://home/addons/plugin.video.vdubt/icon.png">ActivateWindow(10025,&quot;plugin://plugin.video.vdubt/&quot;,return)</favourite>
	<favourite name="Sports Channels" thumb="http://i.imgur.com/oxTNPnp.png">ActivateWindow(10025,&quot;plugin://plugin.video.adryanlist/?fanart=http%3a%2f%2fi.imgur.com%2fGyK9PGj.jpg&amp;mode=1&amp;name=%5bCOLOR%20lime%5d%e2%80%a2%5b%2fCOLOR%5d%5bCOLOR%20deepskyblue%5d%20%20Deportes%5b%2fCOLOR%5d%20&amp;url=http%3a%2f%2fadrian.kodistream.info%2fadryan%2fdeportes_adryan_list.xml&quot;,return)</favourite>
	<favourite name="Dimsports.eu" thumb="special://home/addons/plugin.video.SportsDevil/resources/images/dimsports.png">ActivateWindow(10025,&quot;plugin://plugin.video.SportsDevil/?item=title%3dDimsports.eu%26url%3dlivesports%252Fdimsports.eu.cfg%26definedIn%3dlivesports.cfg%26director%3ddimsports.eu%26genre%3dLive%2bSports%26type%3drss%26icon%3d%252Fstorage%252Femulated%252F0%252FAndroid%252Fdata%252Forg.xbmc.kodi%252Ffiles%252F.kodi%252Faddons%252Fplugin.video.SportsDevil%252Fresources%252Fimages%252Fdimsports.png&amp;mode=1&quot;,return)</favourite>
	<favourite name="NBC Sports Live Extra" thumb="special://home/addons/plugin.video.nbcsnliveextra/icon.png">ActivateWindow(10025,&quot;plugin://plugin.video.nbcsnliveextra/&quot;,return)</favourite>
	<favourite name="AtdheNet.tv" thumb="special://home/addons/plugin.video.SportsDevil/resources/images/livesports.png">ActivateWindow(10025,&quot;plugin://plugin.video.SportsDevil/?item=title%3dAtdheNet.tv%26url%3dlivesports%252Fatdee.net.cfg%26definedIn%3dlivesports.cfg%26director%3dAtdheNet.tv%26genre%3dLive%2bSports%26type%3drss%26icon%3d%252Fstorage%252Femulated%252F0%252FAndroid%252Fdata%252Forg.xbmc.kodi%252Ffiles%252F.kodi%252Faddons%252Fplugin.video.SportsDevil%252Fresources%252Fimages%252Flivesports.png&amp;mode=1&quot;,return)</favourite>
	<favourite name="FirstRowSports.eu" thumb="special://home/addons/plugin.video.SportsDevil/resources/images/firstrowsports_eu.png">ActivateWindow(10025,&quot;plugin://plugin.video.SportsDevil/?item=title%3dFirstRowSports.eu%26url%3dlivesports%252Ffirstrowsports.eu.cfg%26definedIn%3dlivesports.cfg%26director%3dFirstRowSports.eu%26genre%3dLive%2bSports%26type%3drss%26icon%3d%252Fstorage%252Femulated%252F0%252FAndroid%252Fdata%252Forg.xbmc.kodi%252Ffiles%252F.kodi%252Faddons%252Fplugin.video.SportsDevil%252Fresources%252Fimages%252Ffirstrowsports_eu.png&amp;mode=1&quot;,return)</favourite>
	<favourite name="Sports" thumb="http://s20.postimg.org/y47sfmnfh/Sports.png">ActivateWindow(10025,&quot;plugin://plugin.video.phstreams/?action=ndmode&amp;audio=0&amp;content=0&amp;fanart=http%3a%2f%2fs20.postimg.org%2fw4r6o7t3x%2fPhoenix_Fanart.png&amp;image=http%3a%2f%2fs20.postimg.org%2fy47sfmnfh%2fSports.png&amp;name=Sports&amp;playable=false&amp;tvshow=0&amp;url=http%3a%2f%2fshanghai.watchkodi.com%2fDirectories%2fSports.xml&quot;,return)</favourite>
	<favourite name="TV - SPORTS" thumb="https://googledrive.com/host/0B7zkkQwo5pr5fjNUcHcwMEkyS0gxUGRvQlMzaGpxSDQtZGNtUVZrSy1fQzhDSjJ1NEhmbmM/kenhthethao.png">ActivateWindow(10025,&quot;plugin://plugin.video.livetv/?iconimage=https%3a%2f%2fgoogledrive.com%2fhost%2f0B7zkkQwo5pr5fjNUcHcwMEkyS0gxUGRvQlMzaGpxSDQtZGNtUVZrSy1fQzhDSjJ1NEhmbmM%2fkenhthethao.png&amp;mode=tvchannel&amp;name=%5bCOLOR%20yellow%5d%5bB%5dTV%20-%20TH%e1%bb%82%20THAO%5b%2fB%5d%5b%2fCOLOR%5d&amp;url=https%3a%2f%2fgoogledrive.com%2fhost%2f0B7zkkQwo5pr5fjNUcHcwMEkyS0gxUGRvQlMzaGpxSDQtZGNtUVZrSy1fQzhDSjJ1NEhmbmM%2fkenhthethao.xml&quot;,return)</favourite>
	<favourite name="S.P.O.R.T" thumb="special://home/addons/plugin.video.s.p.o.r.t/icon.png">ActivateWindow(10025,&quot;plugin://plugin.video.s.p.o.r.t/&quot;,return)</favourite>
	<favourite name="UFC" thumb="special://home/addons/plugin.video.UFC/icon.png">ActivateWindow(10025,&quot;plugin://plugin.video.UFC/&quot;,return)</favourite>
	<favourite name="WWE Online" thumb="special://home/addons/plugin.video.wweonline/icon.png">ActivateWindow(10025,&quot;plugin://plugin.video.wweonline/&quot;,return)</favourite>
	<favourite name="NHL" thumb="special://home/addons/plugin.video.phstreams/resources/media/phstreams/hockey.jpg">ActivateWindow(10025,&quot;plugin://plugin.video.phstreams/?action=nhlDirectory&quot;,return)</favourite>
	<favourite name="[COLOR hotpink]Workout[/COLOR]" thumb="http://s6.postimg.org/re40an269/fitness_woman_perspiration_2_1.jpg">ActivateWindow(10025,&quot;plugin://plugin.video.phstreams/?action=ndmode&amp;audio=0&amp;content=0&amp;fanart=http%3a%2f%2fs6.postimg.org%2f4e7vodlfl%2f14266.jpg&amp;image=http%3a%2f%2fs6.postimg.org%2fre40an269%2ffitness_woman_perspiration_2_1.jpg&amp;name=%5bCOLOR%20hotpink%5dWorkout%5b%2fCOLOR%5d&amp;playable=false&amp;tvshow=0&amp;url=http%3a%2f%2fhonolulu.watchkodi.com%2fFitness%2fFitness%2520Main.xml&quot;,return)</favourite>
	<favourite name="[COLOR aqua]Fitness[/COLOR]" thumb="http://s2.postimg.org/4qm1q6zmx/fitness.png">ActivateWindow(10025,&quot;plugin://plugin.video.dijentertainments/?description&amp;mode=1&amp;name=%5bCOLOR%20aqua%5dFitness%5b%2fCOLOR%5d&amp;url=https%3a%2f%2fraw.github.com%2fdjjohnnyb15%2fdij-entertainments%2fmaster%2fDirectory%2fMovies%2ffitness%2ffitnessdir.xml&quot;,return)</favourite>
	<favourite name="LIVE GAMES" thumb="http://buskerbrownes.com/wp-content/uploads/2013/06/img1.jpg">ActivateWindow(10025,&quot;plugin://plugin.video.phstreams/?action=ndmode&amp;audio=0&amp;content=0&amp;fanart=https%3a%2f%2flh4.googleusercontent.com%2f-WwZHUFLPK2E%2fU3Kd4itvhPI%2fAAAAAAAAAKM%2fsaEb-0QngnM%2fs0-d%2fBurning-Soccer-Ball-1600x1200.jpg&amp;image=http%3a%2f%2fbuskerbrownes.com%2fwp-content%2fuploads%2f2013%2f06%2fimg1.jpg&amp;name=LIVE%20GAMES&amp;playable=false&amp;tvshow=0&amp;url=http%3a%2f%2ftuzla.watchkodi.com%2fLIVE%2520TV%2fnewsport.xml&quot;,return)</favourite>
</favourites>