<?xml version="1.0" encoding="UTF-8" standalone="yes"?>
<addon id="plugin.video.hieuhien.vn.liveshow"
       name="[COLOR lime][B]Hieuhien.vn Liveshow[/B][/COLOR]"
       version="1.0.0"
       provider-name="HopDenTV">
  <requires>
    <import addon="xbmc.python" version="2.1.0"/>
    <import addon="script.module.beautifulsoup" version="3.2.1"/>
    <import addon="script.module.simple.downloader" version="0.9.4"/>
    <import addon="script.module.simplejson" />
    <import addon="repository.hieuhien.vn" />
  </requires>
  <extension point="xbmc.python.pluginsource" library="default.py">
    <provides>video</provides>
  </extension>
  <extension point="xbmc.addon.metadata">
    <summary>Liveshow tổng hợp</summary>
    <description>Addon này dược viết lại từ addon "Chương trình đặc biệt" của tác giả HopDenTV </description>
    <platform>all</platform>
  </extension>
</addon>
