<favourites>
	<favourite name="Cable TV Channels" thumb="http://www.blackbox247.com/images/TV-Cables-logo.JPG">ActivateWindow(10025,&quot;plugin://plugin.program.super.favourites/?label=Cables TV Channels&amp;mode=400&amp;path=special%3A%2F%2Fhome%2Faddons%2Fplugin.video.live.streams%2FSuper%20Favourites%5CCables%20TV%20Channels&amp;sf_options=fanart%3Dspecial%3A%2F%2Fhome%2Faddons%5Cplugin.program.super.favourites%5Cfanart.jpg%26_options_sf&quot;,return)</favourite>
	<favourite name="Premium TV Channels" thumb="special://home/addons\script.smoothstreams\icon.png">RunScript(&quot;script.smoothstreams&quot;)</favourite>
	<favourite name="TV Channels" thumb="http://metalkettle.co/UKTurk/thumbs/UK TURK english tv.jpg">ActivateWindow(10025,&quot;plugin://plugin.video.ukturk/?description&amp;iconimage=http%3a%2f%2fmetalkettle.co%2fUKTurk%2fthumbs%2fUK%20TURK%20english%20tv.jpg&amp;mode=1&amp;name=English%20TV&amp;url=http%3a%2f%2fmetalkettle.co%2fUKTurk%2fEnglish.txt&quot;,return)</favourite>
	<favourite name="Phoenix TV" thumb="http://shanghai.watchkodi.com/Phoenix%20Tv%20Icon.jpg">ActivateWindow(10025,&quot;plugin://plugin.video.phstreams/?action=ndmode&amp;audio=0&amp;content=0&amp;fanart=%2fstorage%2femulated%2f0%2fAndroid%2fdata%2forg.xbmc.kodi%2ffiles%2f.kodi%2faddons%2fplugin.video.phstreams%2ffanart.jpg&amp;image=http%3a%2f%2fshanghai.watchkodi.com%2fPhoenix%2520Tv%2520Icon.jpg&amp;name=Phoenix%20TV&amp;playable=false&amp;tvshow=0&amp;url=http%3a%2f%2fshanghai.watchkodi.com%2fmaindir%2fmain.xml&quot;,return)</favourite>
	<favourite name="Cloud TV" thumb="androidapp://sources/apps/com.cloud.tv.png">StartAndroidActivity(&quot;com.cloud.tv&quot;)</favourite>
	<favourite name="Local Channels" thumb="special://home/addons/plugin.video.ustvnow-dixie/icon.png">ActivateWindow(10025,&quot;plugin://plugin.video.ustvnow-dixie/&quot;,return)</favourite>
	<favourite name="FilmOn.TV" thumb="special://home/addons/plugin.video.F.T.V/icon.png">ActivateWindow(10025,&quot;plugin://plugin.video.F.T.V/&quot;,return)</favourite>
	<favourite name="Live TV Channels" thumb="special://home/addons\plugin.video.mylivetv\icon.png">ActivateWindow(10025,&quot;plugin://plugin.video.mylivetv/?iconimage=C%3a%5cUsers%5chtran%5cAppData%5cRoaming%5cKodi%5caddons%5cplugin.video.mylivetv%5cicon.png&amp;mode=2&amp;name=%5bCOLOR%20lime%5d%20Live%20TV%20Channels%5b%2fCOLOR%5d&amp;url=http%3a%2f%2fwww.youtube.com&quot;,return)</favourite>
	<favourite name="TV Channels - HD" thumb="special://home/addons/plugin.video.mxncaa/icon.png">ActivateWindow(10025,&quot;plugin://plugin.video.mxncaa/&quot;,return)</favourite>
</favourites>