<?xml version="1.0" encoding="UTF-8" standalone="yes"?>
<addon id="plugin.program.vietrepoinstaller" name="Viet Repos Installer" version="1.0.0" provider-name="bacha">
  <requires>
    <import addon="repository.bacha" optional="true" />
  </requires>
  <extension point="xbmc.python.pluginsource" library="default.py">
        <provides>executable</provides>
  </extension>
  <extension point="xbmc.addon.metadata">
    <summary lang="en">Viet Repos Installer</summary>
    <description lang="en">
- Install Vietnamese repositories. 

- Cài repositories Việt Nam.</description>
    <platform>all</platform>
  </extension>
</addon>
