<?xml version="1.0" encoding="UTF-8" standalone="yes"?>
<addon id="kodi.repo.hcmlike-media" name="HCMLIKE-Media Repository" version="1.0.2" provider-name="HCMLIKE.com">
  <extension point="xbmc.addon.repository" name="Official XBMC.org Add-on Repository">
    <info compressed="true">http://hcmlike.entrydns.org/hcmlike/kodi.repo.hcmlike-media/addons.xml</info>
    <checksum>http://hcmlike.entrydns.org/hcmlike/kodi.repo.hcmlike-media/addons.xml.md5</checksum>
    <datadir zip="true">http://hcmlike.entrydns.org/hcmlike/kodi.repo.hcmlike-media</datadir>
    <hashes>true</hashes>
  </extension>
  <extension point="xbmc.addon.metadata">
    <summary>Play Film, Show, Clip and TV Online from sources from Internet</summary>
    <description>Download and install addons from HCMLIKE-Media Repository: Watch films from phim.megabox.vn/, TV online from hplus.com.vn, and other sources from Internet</description>
    <language>en</language>
    <platform>all</platform>
    <license>http://www.gnu.org/licenses/</license>
    <source>http://hcmlike.entrydns.org/hcmlike/kodi.repo.hcmlike-media</source>
    <email>hcmlike@gmail.com</email>
  </extension>
</addon>
