<favourites>
  <favourite name="PPV - Mortdecai" thumb="http://portal.iptvprivateserver.tv/stalker_portal/misc/logos/320/2447.png">PlayMedia(&quot;plugin://plugin.video.stalker/?tmp=0&amp;genre_name=%5B%27All%27%5D&amp;title=PPV+-+Mortdecai&amp;cmd=http%3A%2F%2Fiptvnation.com%2F45.mp4&amp;portal=%7B%22name%22%3A+%22NFPS%22%2C+%22parental%22%3A+%22false%22%2C+%22url%22%3A+%22http%3A%2F%2Fportal.iptvprivateserver.tv%22%2C+%22mac%22%3A+%2200%3A1A%3A78%3AA2%3A70%3A47%22%2C+%22serial%22%3A+%7B%22custom%22%3A+false%7D%2C+%22password%22%3A+%220000%22%7D&amp;mode=play&amp;logo_url=http%3A%2F%2Fportal.iptvprivateserver.tv%2Fstalker_portal%2Fmisc%2Flogos%2F320%2F2447.png&quot;)</favourite>
    <favourite name="PPV - Final Girl" thumb="http://portal.iptvprivateserver.tv/stalker_portal/misc/logos/320/2449.png">PlayMedia(&quot;plugin://plugin.video.stalker/?tmp=0&amp;genre_name=%5B%27All%27%5D&amp;title=PPV+-+Final+Girl&amp;cmd=http%3A%2F%2Fiptvnation.com%2F46.mp4&amp;portal=%7B%22name%22%3A+%22NFPS%22%2C+%22parental%22%3A+%22false%22%2C+%22url%22%3A+%22http%3A%2F%2Fportal.iptvprivateserver.tv%22%2C+%22mac%22%3A+%2200%3A1A%3A78%3AA2%3A70%3A47%22%2C+%22serial%22%3A+%7B%22custom%22%3A+false%7D%2C+%22password%22%3A+%220000%22%7D&amp;mode=play&amp;logo_url=http%3A%2F%2Fportal.iptvprivateserver.tv%2Fstalker_portal%2Fmisc%2Flogos%2F320%2F2449.png&quot;)</favourite>
    <favourite name="PPV - Entourage" thumb="http://portal.iptvprivateserver.tv/stalker_portal/misc/logos/320/2454.png">PlayMedia(&quot;plugin://plugin.video.stalker/?tmp=0&amp;genre_name=%5B%27All%27%5D&amp;title=PPV+-+Entourage&amp;cmd=http%3A%2F%2Fiptvnation.com%2F47.mp4&amp;portal=%7B%22name%22%3A+%22NFPS%22%2C+%22parental%22%3A+%22false%22%2C+%22url%22%3A+%22http%3A%2F%2Fportal.iptvprivateserver.tv%22%2C+%22mac%22%3A+%2200%3A1A%3A78%3AA2%3A70%3A47%22%2C+%22serial%22%3A+%7B%22custom%22%3A+false%7D%2C+%22password%22%3A+%220000%22%7D&amp;mode=play&amp;logo_url=http%3A%2F%2Fportal.iptvprivateserver.tv%2Fstalker_portal%2Fmisc%2Flogos%2F320%2F2454.png&quot;)</favourite>
    <favourite name="PPV - Manglehorn" thumb="http://portal.iptvprivateserver.tv/stalker_portal/misc/logos/320/2457.png">PlayMedia(&quot;plugin://plugin.video.stalker/?tmp=0&amp;genre_name=%5B%27All%27%5D&amp;title=PPV+-+Manglehorn&amp;cmd=http%3A%2F%2Fiptvnation.com%2F48.mp4&amp;portal=%7B%22name%22%3A+%22NFPS%22%2C+%22parental%22%3A+%22false%22%2C+%22url%22%3A+%22http%3A%2F%2Fportal.iptvprivateserver.tv%22%2C+%22mac%22%3A+%2200%3A1A%3A78%3AA2%3A70%3A47%22%2C+%22serial%22%3A+%7B%22custom%22%3A+false%7D%2C+%22password%22%3A+%220000%22%7D&amp;mode=play&amp;logo_url=http%3A%2F%2Fportal.iptvprivateserver.tv%2Fstalker_portal%2Fmisc%2Flogos%2F320%2F2457.png&quot;)</favourite>
    <favourite name="PPV - Lila and Eve" thumb="http://portal.iptvprivateserver.tv/stalker_portal/misc/logos/320/2459.png">PlayMedia(&quot;plugin://plugin.video.stalker/?tmp=0&amp;genre_name=%5B%27All%27%5D&amp;title=PPV+-+Lila+and+Eve&amp;cmd=http%3A%2F%2Fiptvnation.com%2F49.mp4&amp;portal=%7B%22name%22%3A+%22NFPS%22%2C+%22parental%22%3A+%22false%22%2C+%22url%22%3A+%22http%3A%2F%2Fportal.iptvprivateserver.tv%22%2C+%22mac%22%3A+%2200%3A1A%3A78%3AA2%3A70%3A47%22%2C+%22serial%22%3A+%7B%22custom%22%3A+false%7D%2C+%22password%22%3A+%220000%22%7D&amp;mode=play&amp;logo_url=http%3A%2F%2Fportal.iptvprivateserver.tv%2Fstalker_portal%2Fmisc%2Flogos%2F320%2F2459.png&quot;)</favourite>
    <favourite name="PPV - Kurt Cobain Montage of Heck" thumb="http://portal.iptvprivateserver.tv/stalker_portal/misc/logos/320/2464.png">PlayMedia(&quot;plugin://plugin.video.stalker/?tmp=0&amp;genre_name=%5B%27All%27%5D&amp;title=PPV+-+Kurt+Cobain+Montage+of+Heck&amp;cmd=http%3A%2F%2Fiptvnation.com%2F50.mp4&amp;portal=%7B%22name%22%3A+%22NFPS%22%2C+%22parental%22%3A+%22false%22%2C+%22url%22%3A+%22http%3A%2F%2Fportal.iptvprivateserver.tv%22%2C+%22mac%22%3A+%2200%3A1A%3A78%3AA2%3A70%3A47%22%2C+%22serial%22%3A+%7B%22custom%22%3A+false%7D%2C+%22password%22%3A+%220000%22%7D&amp;mode=play&amp;logo_url=http%3A%2F%2Fportal.iptvprivateserver.tv%2Fstalker_portal%2Fmisc%2Flogos%2F320%2F2464.png&quot;)</favourite>
    <favourite name="PPV - Ill see you in my Dreams" thumb="http://portal.iptvprivateserver.tv/stalker_portal/misc/logos/320/2467.png">PlayMedia(&quot;plugin://plugin.video.stalker/?tmp=0&amp;genre_name=%5B%27All%27%5D&amp;title=PPV+-+Ill+see+you+in+my+Dreams&amp;cmd=http%3A%2F%2Fiptvnation.com%2F51.mp4&amp;portal=%7B%22name%22%3A+%22NFPS%22%2C+%22parental%22%3A+%22false%22%2C+%22url%22%3A+%22http%3A%2F%2Fportal.iptvprivateserver.tv%22%2C+%22mac%22%3A+%2200%3A1A%3A78%3AA2%3A70%3A47%22%2C+%22serial%22%3A+%7B%22custom%22%3A+false%7D%2C+%22password%22%3A+%220000%22%7D&amp;mode=play&amp;logo_url=http%3A%2F%2Fportal.iptvprivateserver.tv%2Fstalker_portal%2Fmisc%2Flogos%2F320%2F2467.png&quot;)</favourite>
    <favourite name="PPV - Bessie" thumb="http://portal.iptvprivateserver.tv/stalker_portal/misc/logos/320/2472.png">PlayMedia(&quot;plugin://plugin.video.stalker/?tmp=0&amp;genre_name=%5B%27All%27%5D&amp;title=PPV+-+Bessie&amp;cmd=http%3A%2F%2Fiptvnation.com%2F52.mp4&amp;portal=%7B%22name%22%3A+%22NFPS%22%2C+%22parental%22%3A+%22false%22%2C+%22url%22%3A+%22http%3A%2F%2Fportal.iptvprivateserver.tv%22%2C+%22mac%22%3A+%2200%3A1A%3A78%3AA2%3A70%3A47%22%2C+%22serial%22%3A+%7B%22custom%22%3A+false%7D%2C+%22password%22%3A+%220000%22%7D&amp;mode=play&amp;logo_url=http%3A%2F%2Fportal.iptvprivateserver.tv%2Fstalker_portal%2Fmisc%2Flogos%2F320%2F2472.png&quot;)</favourite>
    <favourite name="PPV - Aloft" thumb="http://portal.iptvprivateserver.tv/stalker_portal/misc/logos/320/2474.png">PlayMedia(&quot;plugin://plugin.video.stalker/?tmp=0&amp;genre_name=%5B%27All%27%5D&amp;title=PPV+-+Aloft&amp;cmd=http%3A%2F%2Fiptvnation.com%2F53.mp4&amp;portal=%7B%22name%22%3A+%22NFPS%22%2C+%22parental%22%3A+%22false%22%2C+%22url%22%3A+%22http%3A%2F%2Fportal.iptvprivateserver.tv%22%2C+%22mac%22%3A+%2200%3A1A%3A78%3AA2%3A70%3A47%22%2C+%22serial%22%3A+%7B%22custom%22%3A+false%7D%2C+%22password%22%3A+%220000%22%7D&amp;mode=play&amp;logo_url=http%3A%2F%2Fportal.iptvprivateserver.tv%2Fstalker_portal%2Fmisc%2Flogos%2F320%2F2474.png&quot;)</favourite>
    <favourite name="PPV - The Rise of the Krays" thumb="http://portal.iptvprivateserver.tv/stalker_portal/misc/logos/320/2477.png">PlayMedia(&quot;plugin://plugin.video.stalker/?tmp=0&amp;genre_name=%5B%27All%27%5D&amp;title=PPV+-+The+Rise+of+the+Krays&amp;cmd=http%3A%2F%2Fiptvnation.com%2F54.mp4&amp;portal=%7B%22name%22%3A+%22NFPS%22%2C+%22parental%22%3A+%22false%22%2C+%22url%22%3A+%22http%3A%2F%2Fportal.iptvprivateserver.tv%22%2C+%22mac%22%3A+%2200%3A1A%3A78%3AA2%3A70%3A47%22%2C+%22serial%22%3A+%7B%22custom%22%3A+false%7D%2C+%22password%22%3A+%220000%22%7D&amp;mode=play&amp;logo_url=http%3A%2F%2Fportal.iptvprivateserver.tv%2Fstalker_portal%2Fmisc%2Flogos%2F320%2F2477.png&quot;)</favourite>
    <favourite name="PPV - American Justice" thumb="http://portal.iptvprivateserver.tv/stalker_portal/misc/logos/320/2479.png">PlayMedia(&quot;plugin://plugin.video.stalker/?tmp=0&amp;genre_name=%5B%27All%27%5D&amp;title=PPV+-+American+Justice&amp;cmd=http%3A%2F%2Fiptvnation.com%2F55.mp4&amp;portal=%7B%22name%22%3A+%22NFPS%22%2C+%22parental%22%3A+%22false%22%2C+%22url%22%3A+%22http%3A%2F%2Fportal.iptvprivateserver.tv%22%2C+%22mac%22%3A+%2200%3A1A%3A78%3AA2%3A70%3A47%22%2C+%22serial%22%3A+%7B%22custom%22%3A+false%7D%2C+%22password%22%3A+%220000%22%7D&amp;mode=play&amp;logo_url=http%3A%2F%2Fportal.iptvprivateserver.tv%2Fstalker_portal%2Fmisc%2Flogos%2F320%2F2479.png&quot;)</favourite>
    <favourite name="PPV - Jurassic Prey" thumb="http://portal.iptvprivateserver.tv/stalker_portal/misc/logos/320/2484.png">PlayMedia(&quot;plugin://plugin.video.stalker/?tmp=0&amp;genre_name=%5B%27All%27%5D&amp;title=PPV+-+Jurassic+Prey&amp;cmd=http%3A%2F%2Fwww.watch-simpsons.com%2Fdownloads%2FJurassic%2520Prey%2520%282015%29%2520%255b1080p%255d%2FJurassic.Prey.2015.1080p.BluRay.x264.YIFY.mp4&amp;portal=%7B%22name%22%3A+%22NFPS%22%2C+%22parental%22%3A+%22false%22%2C+%22url%22%3A+%22http%3A%2F%2Fportal.iptvprivateserver.tv%22%2C+%22mac%22%3A+%2200%3A1A%3A78%3AA2%3A70%3A47%22%2C+%22serial%22%3A+%7B%22custom%22%3A+false%7D%2C+%22password%22%3A+%220000%22%7D&amp;mode=play&amp;logo_url=http%3A%2F%2Fportal.iptvprivateserver.tv%2Fstalker_portal%2Fmisc%2Flogos%2F320%2F2484.png&quot;)</favourite>
    <favourite name="PPV - The Lovers" thumb="http://portal.iptvprivateserver.tv/stalker_portal/misc/logos/320/2487.png">PlayMedia(&quot;plugin://plugin.video.stalker/?tmp=0&amp;genre_name=%5B%27All%27%5D&amp;title=PPV+-+The+Lovers&amp;cmd=http%3A%2F%2Fiptvnation.com%2F57.mp4&amp;portal=%7B%22name%22%3A+%22NFPS%22%2C+%22parental%22%3A+%22false%22%2C+%22url%22%3A+%22http%3A%2F%2Fportal.iptvprivateserver.tv%22%2C+%22mac%22%3A+%2200%3A1A%3A78%3AA2%3A70%3A47%22%2C+%22serial%22%3A+%7B%22custom%22%3A+false%7D%2C+%22password%22%3A+%220000%22%7D&amp;mode=play&amp;logo_url=http%3A%2F%2Fportal.iptvprivateserver.tv%2Fstalker_portal%2Fmisc%2Flogos%2F320%2F2487.png&quot;)</favourite>
    <favourite name="PPV - Poltergeist" thumb="http://portal.iptvprivateserver.tv/stalker_portal/misc/logos/320/2339.png">PlayMedia(&quot;plugin://plugin.video.stalker/?tmp=0&amp;genre_name=%5B%27All%27%5D&amp;title=PPV+-+Poltergeist&amp;cmd=http%3A%2F%2Fiptvnation.com%2F44.mp4&amp;portal=%7B%22name%22%3A+%22NFPS%22%2C+%22parental%22%3A+%22false%22%2C+%22url%22%3A+%22http%3A%2F%2Fportal.iptvprivateserver.tv%22%2C+%22mac%22%3A+%2200%3A1A%3A78%3AA2%3A70%3A47%22%2C+%22serial%22%3A+%7B%22custom%22%3A+false%7D%2C+%22password%22%3A+%220000%22%7D&amp;mode=play&amp;logo_url=http%3A%2F%2Fportal.iptvprivateserver.tv%2Fstalker_portal%2Fmisc%2Flogos%2F320%2F2339.png&quot;)</favourite>
    <favourite name="PPV - A Brilliant Young Mind" thumb="http://portal.iptvprivateserver.tv/stalker_portal/misc/logos/320/2344.png">PlayMedia(&quot;plugin://plugin.video.stalker/?tmp=0&amp;genre_name=%5B%27All%27%5D&amp;title=PPV+-+A+Brilliant+Young+Mind&amp;cmd=http%3A%2F%2Fiptvnation.com%2F30.mp4&amp;portal=%7B%22name%22%3A+%22NFPS%22%2C+%22parental%22%3A+%22false%22%2C+%22url%22%3A+%22http%3A%2F%2Fportal.iptvprivateserver.tv%22%2C+%22mac%22%3A+%2200%3A1A%3A78%3AA2%3A70%3A47%22%2C+%22serial%22%3A+%7B%22custom%22%3A+false%7D%2C+%22password%22%3A+%220000%22%7D&amp;mode=play&amp;logo_url=http%3A%2F%2Fportal.iptvprivateserver.tv%2Fstalker_portal%2Fmisc%2Flogos%2F320%2F2344.png&quot;)</favourite>
    <favourite name="PPV - All Creatures Big and Small" thumb="http://portal.iptvprivateserver.tv/stalker_portal/misc/logos/320/2347.png">PlayMedia(&quot;plugin://plugin.video.stalker/?tmp=0&amp;genre_name=%5B%27All%27%5D&amp;title=PPV+-+All+Creatures+Big+and+Small&amp;cmd=http%3A%2F%2Fiptvnation.com%2F31.mp4&amp;portal=%7B%22name%22%3A+%22NFPS%22%2C+%22parental%22%3A+%22false%22%2C+%22url%22%3A+%22http%3A%2F%2Fportal.iptvprivateserver.tv%22%2C+%22mac%22%3A+%2200%3A1A%3A78%3AA2%3A70%3A47%22%2C+%22serial%22%3A+%7B%22custom%22%3A+false%7D%2C+%22password%22%3A+%220000%22%7D&amp;mode=play&amp;logo_url=http%3A%2F%2Fportal.iptvprivateserver.tv%2Fstalker_portal%2Fmisc%2Flogos%2F320%2F2347.png&quot;)</favourite>
    <favourite name="PPV - Aloha" thumb="http://portal.iptvprivateserver.tv/stalker_portal/misc/logos/320/2349.png">PlayMedia(&quot;plugin://plugin.video.stalker/?tmp=0&amp;genre_name=%5B%27All%27%5D&amp;title=PPV+-+Aloha&amp;cmd=http%3A%2F%2Fiptvnation.com%2F32.mp4&amp;portal=%7B%22name%22%3A+%22NFPS%22%2C+%22parental%22%3A+%22false%22%2C+%22url%22%3A+%22http%3A%2F%2Fportal.iptvprivateserver.tv%22%2C+%22mac%22%3A+%2200%3A1A%3A78%3AA2%3A70%3A47%22%2C+%22serial%22%3A+%7B%22custom%22%3A+false%7D%2C+%22password%22%3A+%220000%22%7D&amp;mode=play&amp;logo_url=http%3A%2F%2Fportal.iptvprivateserver.tv%2Fstalker_portal%2Fmisc%2Flogos%2F320%2F2349.png&quot;)</favourite>
    <favourite name="PPV - Dark Places" thumb="http://portal.iptvprivateserver.tv/stalker_portal/misc/logos/320/2354.png">PlayMedia(&quot;plugin://plugin.video.stalker/?tmp=0&amp;genre_name=%5B%27All%27%5D&amp;title=PPV+-+Dark+Places&amp;cmd=http%3A%2F%2Fiptvnation.com%2F33.mp4&amp;portal=%7B%22name%22%3A+%22NFPS%22%2C+%22parental%22%3A+%22false%22%2C+%22url%22%3A+%22http%3A%2F%2Fportal.iptvprivateserver.tv%22%2C+%22mac%22%3A+%2200%3A1A%3A78%3AA2%3A70%3A47%22%2C+%22serial%22%3A+%7B%22custom%22%3A+false%7D%2C+%22password%22%3A+%220000%22%7D&amp;mode=play&amp;logo_url=http%3A%2F%2Fportal.iptvprivateserver.tv%2Fstalker_portal%2Fmisc%2Flogos%2F320%2F2354.png&quot;)</favourite>
    <favourite name="PPV - Fifty Shades of Grey" thumb="http://portal.iptvprivateserver.tv/stalker_portal/misc/logos/320/2357.png">PlayMedia(&quot;plugin://plugin.video.stalker/?tmp=0&amp;genre_name=%5B%27All%27%5D&amp;title=PPV+-+Fifty+Shades+of+Grey&amp;cmd=http%3A%2F%2Fiptvnation.com%2F34.mp4&amp;portal=%7B%22name%22%3A+%22NFPS%22%2C+%22parental%22%3A+%22false%22%2C+%22url%22%3A+%22http%3A%2F%2Fportal.iptvprivateserver.tv%22%2C+%22mac%22%3A+%2200%3A1A%3A78%3AA2%3A70%3A47%22%2C+%22serial%22%3A+%7B%22custom%22%3A+false%7D%2C+%22password%22%3A+%220000%22%7D&amp;mode=play&amp;logo_url=http%3A%2F%2Fportal.iptvprivateserver.tv%2Fstalker_portal%2Fmisc%2Flogos%2F320%2F2357.png&quot;)</favourite>
    <favourite name="PPV - Freetown" thumb="http://portal.iptvprivateserver.tv/stalker_portal/misc/logos/320/2362.png">PlayMedia(&quot;plugin://plugin.video.stalker/?tmp=0&amp;genre_name=%5B%27All%27%5D&amp;title=PPV+-+Freetown&amp;cmd=http%3A%2F%2Fiptvnation.com%2F35.mp4&amp;portal=%7B%22name%22%3A+%22NFPS%22%2C+%22parental%22%3A+%22false%22%2C+%22url%22%3A+%22http%3A%2F%2Fportal.iptvprivateserver.tv%22%2C+%22mac%22%3A+%2200%3A1A%3A78%3AA2%3A70%3A47%22%2C+%22serial%22%3A+%7B%22custom%22%3A+false%7D%2C+%22password%22%3A+%220000%22%7D&amp;mode=play&amp;logo_url=http%3A%2F%2Fportal.iptvprivateserver.tv%2Fstalker_portal%2Fmisc%2Flogos%2F320%2F2362.png&quot;)</favourite>
    <favourite name="PPV - Mad Max Fury Road" thumb="http://portal.iptvprivateserver.tv/stalker_portal/misc/logos/320/2367.png">PlayMedia(&quot;plugin://plugin.video.stalker/?tmp=0&amp;genre_name=%5B%27All%27%5D&amp;title=PPV+-+Mad+Max+Fury+Road&amp;cmd=http%3A%2F%2Fiptvnation.com%2F36.mp4&amp;portal=%7B%22name%22%3A+%22NFPS%22%2C+%22parental%22%3A+%22false%22%2C+%22url%22%3A+%22http%3A%2F%2Fportal.iptvprivateserver.tv%22%2C+%22mac%22%3A+%2200%3A1A%3A78%3AA2%3A70%3A47%22%2C+%22serial%22%3A+%7B%22custom%22%3A+false%7D%2C+%22password%22%3A+%220000%22%7D&amp;mode=play&amp;logo_url=http%3A%2F%2Fportal.iptvprivateserver.tv%2Fstalker_portal%2Fmisc%2Flogos%2F320%2F2367.png&quot;)</favourite>
    <favourite name="PPV - Little Boy" thumb="http://portal.iptvprivateserver.tv/stalker_portal/misc/logos/320/2439.png">PlayMedia(&quot;plugin://plugin.video.stalker/?tmp=0&amp;genre_name=%5B%27All%27%5D&amp;title=PPV+-+Little+Boy&amp;cmd=http%3A%2F%2Fiptvnation.com%2F37.mp4&amp;portal=%7B%22name%22%3A+%22NFPS%22%2C+%22parental%22%3A+%22false%22%2C+%22url%22%3A+%22http%3A%2F%2Fportal.iptvprivateserver.tv%22%2C+%22mac%22%3A+%2200%3A1A%3A78%3AA2%3A70%3A47%22%2C+%22serial%22%3A+%7B%22custom%22%3A+false%7D%2C+%22password%22%3A+%220000%22%7D&amp;mode=play&amp;logo_url=http%3A%2F%2Fportal.iptvprivateserver.tv%2Fstalker_portal%2Fmisc%2Flogos%2F320%2F2439.png&quot;)</favourite>
    <favourite name="PPV - The Lazarus Effect" thumb="http://portal.iptvprivateserver.tv/stalker_portal/misc/logos/320/2369.png">PlayMedia(&quot;plugin://plugin.video.stalker/?tmp=0&amp;genre_name=%5B%27All%27%5D&amp;title=PPV+-+The+Lazarus+Effect&amp;cmd=http%3A%2F%2Fiptvnation.com%2F38.mp4&amp;portal=%7B%22name%22%3A+%22NFPS%22%2C+%22parental%22%3A+%22false%22%2C+%22url%22%3A+%22http%3A%2F%2Fportal.iptvprivateserver.tv%22%2C+%22mac%22%3A+%2200%3A1A%3A78%3AA2%3A70%3A47%22%2C+%22serial%22%3A+%7B%22custom%22%3A+false%7D%2C+%22password%22%3A+%220000%22%7D&amp;mode=play&amp;logo_url=http%3A%2F%2Fportal.iptvprivateserver.tv%2Fstalker_portal%2Fmisc%2Flogos%2F320%2F2369.png&quot;)</favourite>
    <favourite name="PPV - Mythica The Darkspore" thumb="http://portal.iptvprivateserver.tv/stalker_portal/misc/logos/320/2372.png">PlayMedia(&quot;plugin://plugin.video.stalker/?tmp=0&amp;genre_name=%5B%27All%27%5D&amp;title=PPV+-+Mythica+The+Darkspore&amp;cmd=http%3A%2F%2Fiptvnation.com%2F39.mp4&amp;portal=%7B%22name%22%3A+%22NFPS%22%2C+%22parental%22%3A+%22false%22%2C+%22url%22%3A+%22http%3A%2F%2Fportal.iptvprivateserver.tv%22%2C+%22mac%22%3A+%2200%3A1A%3A78%3AA2%3A70%3A47%22%2C+%22serial%22%3A+%7B%22custom%22%3A+false%7D%2C+%22password%22%3A+%220000%22%7D&amp;mode=play&amp;logo_url=http%3A%2F%2Fportal.iptvprivateserver.tv%2Fstalker_portal%2Fmisc%2Flogos%2F320%2F2372.png&quot;)</favourite>
    <favourite name="PPV - Vendetta" thumb="http://portal.iptvprivateserver.tv/stalker_portal/misc/logos/320/2377.png">PlayMedia(&quot;plugin://plugin.video.stalker/?tmp=0&amp;genre_name=%5B%27All%27%5D&amp;title=PPV+-+Vendetta&amp;cmd=http%3A%2F%2Fiptvnation.com%2F40.mp4&amp;portal=%7B%22name%22%3A+%22NFPS%22%2C+%22parental%22%3A+%22false%22%2C+%22url%22%3A+%22http%3A%2F%2Fportal.iptvprivateserver.tv%22%2C+%22mac%22%3A+%2200%3A1A%3A78%3AA2%3A70%3A47%22%2C+%22serial%22%3A+%7B%22custom%22%3A+false%7D%2C+%22password%22%3A+%220000%22%7D&amp;mode=play&amp;logo_url=http%3A%2F%2Fportal.iptvprivateserver.tv%2Fstalker_portal%2Fmisc%2Flogos%2F320%2F2377.png&quot;)</favourite>
    <favourite name="PPV - Survivor" thumb="http://portal.iptvprivateserver.tv/stalker_portal/misc/logos/320/2379.png">PlayMedia(&quot;plugin://plugin.video.stalker/?tmp=0&amp;genre_name=%5B%27All%27%5D&amp;title=PPV+-+Survivor&amp;cmd=http%3A%2F%2Fiptvnation.com%2F41.mp4&amp;portal=%7B%22name%22%3A+%22NFPS%22%2C+%22parental%22%3A+%22false%22%2C+%22url%22%3A+%22http%3A%2F%2Fportal.iptvprivateserver.tv%22%2C+%22mac%22%3A+%2200%3A1A%3A78%3AA2%3A70%3A47%22%2C+%22serial%22%3A+%7B%22custom%22%3A+false%7D%2C+%22password%22%3A+%220000%22%7D&amp;mode=play&amp;logo_url=http%3A%2F%2Fportal.iptvprivateserver.tv%2Fstalker_portal%2Fmisc%2Flogos%2F320%2F2379.png&quot;)</favourite>
    <favourite name="PPV - Where hope grows" thumb="http://portal.iptvprivateserver.tv/stalker_portal/misc/logos/320/2384.png">PlayMedia(&quot;plugin://plugin.video.stalker/?tmp=0&amp;genre_name=%5B%27All%27%5D&amp;title=PPV+-+Where+hope+grows&amp;cmd=http%3A%2F%2Fiptvnation.com%2F42.mp4&amp;portal=%7B%22name%22%3A+%22NFPS%22%2C+%22parental%22%3A+%22false%22%2C+%22url%22%3A+%22http%3A%2F%2Fportal.iptvprivateserver.tv%22%2C+%22mac%22%3A+%2200%3A1A%3A78%3AA2%3A70%3A47%22%2C+%22serial%22%3A+%7B%22custom%22%3A+false%7D%2C+%22password%22%3A+%220000%22%7D&amp;mode=play&amp;logo_url=http%3A%2F%2Fportal.iptvprivateserver.tv%2Fstalker_portal%2Fmisc%2Flogos%2F320%2F2384.png&quot;)</favourite>
    <favourite name="PPV - Black Hat" thumb="http://portal.iptvprivateserver.tv/stalker_portal/misc/logos/320/2389.png">PlayMedia(&quot;plugin://plugin.video.stalker/?tmp=0&amp;genre_name=%5B%27All%27%5D&amp;title=PPV+-+Black+Hat&amp;cmd=http%3A%2F%2Fiptvnation.com%2F0.mp4&amp;portal=%7B%22name%22%3A+%22NFPS%22%2C+%22parental%22%3A+%22false%22%2C+%22url%22%3A+%22http%3A%2F%2Fportal.iptvprivateserver.tv%22%2C+%22mac%22%3A+%2200%3A1A%3A78%3AA2%3A70%3A47%22%2C+%22serial%22%3A+%7B%22custom%22%3A+false%7D%2C+%22password%22%3A+%220000%22%7D&amp;mode=play&amp;logo_url=http%3A%2F%2Fportal.iptvprivateserver.tv%2Fstalker_portal%2Fmisc%2Flogos%2F320%2F2389.png&quot;)</favourite>
    <favourite name="PPV - Maggie" thumb="http://portal.iptvprivateserver.tv/stalker_portal/misc/logos/320/2392.png">PlayMedia(&quot;plugin://plugin.video.stalker/?tmp=0&amp;genre_name=%5B%27All%27%5D&amp;title=PPV+-+Maggie&amp;cmd=http%3A%2F%2Fiptvnation.com%2F1.mp4&amp;portal=%7B%22name%22%3A+%22NFPS%22%2C+%22parental%22%3A+%22false%22%2C+%22url%22%3A+%22http%3A%2F%2Fportal.iptvprivateserver.tv%22%2C+%22mac%22%3A+%2200%3A1A%3A78%3AA2%3A70%3A47%22%2C+%22serial%22%3A+%7B%22custom%22%3A+false%7D%2C+%22password%22%3A+%220000%22%7D&amp;mode=play&amp;logo_url=http%3A%2F%2Fportal.iptvprivateserver.tv%2Fstalker_portal%2Fmisc%2Flogos%2F320%2F2392.png&quot;)</favourite>
    <favourite name="PPV - Big Hero 6" thumb="http://portal.iptvprivateserver.tv/stalker_portal/misc/logos/320/2394.png">PlayMedia(&quot;plugin://plugin.video.stalker/?tmp=0&amp;genre_name=%5B%27All%27%5D&amp;title=PPV+-+Big+Hero+6&amp;cmd=http%3A%2F%2Fiptvnation.com%2F2.mp4&amp;portal=%7B%22name%22%3A+%22NFPS%22%2C+%22parental%22%3A+%22false%22%2C+%22url%22%3A+%22http%3A%2F%2Fportal.iptvprivateserver.tv%22%2C+%22mac%22%3A+%2200%3A1A%3A78%3AA2%3A70%3A47%22%2C+%22serial%22%3A+%7B%22custom%22%3A+false%7D%2C+%22password%22%3A+%220000%22%7D&amp;mode=play&amp;logo_url=http%3A%2F%2Fportal.iptvprivateserver.tv%2Fstalker_portal%2Fmisc%2Flogos%2F320%2F2394.png&quot;)</favourite>
    <favourite name="PPV - Careful what you wish for" thumb="http://portal.iptvprivateserver.tv/stalker_portal/misc/logos/320/2397.png">PlayMedia(&quot;plugin://plugin.video.stalker/?tmp=0&amp;genre_name=%5B%27All%27%5D&amp;title=PPV+-+Careful+what+you+wish+for&amp;cmd=http%3A%2F%2Fiptvnation.com%2F3.mp4&amp;portal=%7B%22name%22%3A+%22NFPS%22%2C+%22parental%22%3A+%22false%22%2C+%22url%22%3A+%22http%3A%2F%2Fportal.iptvprivateserver.tv%22%2C+%22mac%22%3A+%2200%3A1A%3A78%3AA2%3A70%3A47%22%2C+%22serial%22%3A+%7B%22custom%22%3A+false%7D%2C+%22password%22%3A+%220000%22%7D&amp;mode=play&amp;logo_url=http%3A%2F%2Fportal.iptvprivateserver.tv%2Fstalker_portal%2Fmisc%2Flogos%2F320%2F2397.png&quot;)</favourite>
    <favourite name="PPV - Cinderella" thumb="http://portal.iptvprivateserver.tv/stalker_portal/misc/logos/320/2399.png">PlayMedia(&quot;plugin://plugin.video.stalker/?tmp=0&amp;genre_name=%5B%27All%27%5D&amp;title=PPV+-+Cinderella&amp;cmd=http%3A%2F%2Fiptvnation.com%2F4.mp4&amp;portal=%7B%22name%22%3A+%22NFPS%22%2C+%22parental%22%3A+%22false%22%2C+%22url%22%3A+%22http%3A%2F%2Fportal.iptvprivateserver.tv%22%2C+%22mac%22%3A+%2200%3A1A%3A78%3AA2%3A70%3A47%22%2C+%22serial%22%3A+%7B%22custom%22%3A+false%7D%2C+%22password%22%3A+%220000%22%7D&amp;mode=play&amp;logo_url=http%3A%2F%2Fportal.iptvprivateserver.tv%2Fstalker_portal%2Fmisc%2Flogos%2F320%2F2399.png&quot;)</favourite>
    <favourite name="PPV - Dead Rising Watchtower" thumb="http://portal.iptvprivateserver.tv/stalker_portal/misc/logos/320/2442.png">PlayMedia(&quot;plugin://plugin.video.stalker/?tmp=0&amp;genre_name=%5B%27All%27%5D&amp;title=PPV+-+Dead+Rising+Watchtower&amp;cmd=http%3A%2F%2Fiptvnation.com%2F5.mp4&amp;portal=%7B%22name%22%3A+%22NFPS%22%2C+%22parental%22%3A+%22false%22%2C+%22url%22%3A+%22http%3A%2F%2Fportal.iptvprivateserver.tv%22%2C+%22mac%22%3A+%2200%3A1A%3A78%3AA2%3A70%3A47%22%2C+%22serial%22%3A+%7B%22custom%22%3A+false%7D%2C+%22password%22%3A+%220000%22%7D&amp;mode=play&amp;logo_url=http%3A%2F%2Fportal.iptvprivateserver.tv%2Fstalker_portal%2Fmisc%2Flogos%2F320%2F2442.png&quot;)</favourite>
    <favourite name="PPV - Hot Tub Time Machine" thumb="http://portal.iptvprivateserver.tv/stalker_portal/misc/logos/320/2404.png">PlayMedia(&quot;plugin://plugin.video.stalker/?tmp=0&amp;genre_name=%5B%27All%27%5D&amp;title=PPV+-+Hot+Tub+Time+Machine&amp;cmd=http%3A%2F%2Fiptvnation.com%2F6.mp4&amp;portal=%7B%22name%22%3A+%22NFPS%22%2C+%22parental%22%3A+%22false%22%2C+%22url%22%3A+%22http%3A%2F%2Fportal.iptvprivateserver.tv%22%2C+%22mac%22%3A+%2200%3A1A%3A78%3AA2%3A70%3A47%22%2C+%22serial%22%3A+%7B%22custom%22%3A+false%7D%2C+%22password%22%3A+%220000%22%7D&amp;mode=play&amp;logo_url=http%3A%2F%2Fportal.iptvprivateserver.tv%2Fstalker_portal%2Fmisc%2Flogos%2F320%2F2404.png&quot;)</favourite>
    <favourite name="PPV - Jupiter Ascending" thumb="http://portal.iptvprivateserver.tv/stalker_portal/misc/logos/320/2407.png">PlayMedia(&quot;plugin://plugin.video.stalker/?tmp=0&amp;genre_name=%5B%27All%27%5D&amp;title=PPV+-+Jupiter+Ascending&amp;cmd=http%3A%2F%2Fiptvnation.com%2F7.mp4&amp;portal=%7B%22name%22%3A+%22NFPS%22%2C+%22parental%22%3A+%22false%22%2C+%22url%22%3A+%22http%3A%2F%2Fportal.iptvprivateserver.tv%22%2C+%22mac%22%3A+%2200%3A1A%3A78%3AA2%3A70%3A47%22%2C+%22serial%22%3A+%7B%22custom%22%3A+false%7D%2C+%22password%22%3A+%220000%22%7D&amp;mode=play&amp;logo_url=http%3A%2F%2Fportal.iptvprivateserver.tv%2Fstalker_portal%2Fmisc%2Flogos%2F320%2F2407.png&quot;)</favourite>
    <favourite name="PPV - The Longest Ride" thumb="http://portal.iptvprivateserver.tv/stalker_portal/misc/logos/320/2409.png">PlayMedia(&quot;plugin://plugin.video.stalker/?tmp=0&amp;genre_name=%5B%27All%27%5D&amp;title=PPV+-+The+Longest+Ride&amp;cmd=http%3A%2F%2Fiptvnation.com%2F8.mp4&amp;portal=%7B%22name%22%3A+%22NFPS%22%2C+%22parental%22%3A+%22false%22%2C+%22url%22%3A+%22http%3A%2F%2Fportal.iptvprivateserver.tv%22%2C+%22mac%22%3A+%2200%3A1A%3A78%3AA2%3A70%3A47%22%2C+%22serial%22%3A+%7B%22custom%22%3A+false%7D%2C+%22password%22%3A+%220000%22%7D&amp;mode=play&amp;logo_url=http%3A%2F%2Fportal.iptvprivateserver.tv%2Fstalker_portal%2Fmisc%2Flogos%2F320%2F2409.png&quot;)</favourite>
    <favourite name="PPV - True Story" thumb="http://portal.iptvprivateserver.tv/stalker_portal/misc/logos/320/2414.png">PlayMedia(&quot;plugin://plugin.video.stalker/?tmp=0&amp;genre_name=%5B%27All%27%5D&amp;title=PPV+-+True+Story&amp;cmd=http%3A%2F%2Fiptvnation.com%2F9.mp4&amp;portal=%7B%22name%22%3A+%22NFPS%22%2C+%22parental%22%3A+%22false%22%2C+%22url%22%3A+%22http%3A%2F%2Fportal.iptvprivateserver.tv%22%2C+%22mac%22%3A+%2200%3A1A%3A78%3AA2%3A70%3A47%22%2C+%22serial%22%3A+%7B%22custom%22%3A+false%7D%2C+%22password%22%3A+%220000%22%7D&amp;mode=play&amp;logo_url=http%3A%2F%2Fportal.iptvprivateserver.tv%2Fstalker_portal%2Fmisc%2Flogos%2F320%2F2414.png&quot;)</favourite>
    <favourite name="PPV - The Duff" thumb="http://portal.iptvprivateserver.tv/stalker_portal/misc/logos/320/2417.png">PlayMedia(&quot;plugin://plugin.video.stalker/?tmp=0&amp;genre_name=%5B%27All%27%5D&amp;title=PPV+-+The+Duff&amp;cmd=http%3A%2F%2Fiptvnation.com%2F10.mp4&amp;portal=%7B%22name%22%3A+%22NFPS%22%2C+%22parental%22%3A+%22false%22%2C+%22url%22%3A+%22http%3A%2F%2Fportal.iptvprivateserver.tv%22%2C+%22mac%22%3A+%2200%3A1A%3A78%3AA2%3A70%3A47%22%2C+%22serial%22%3A+%7B%22custom%22%3A+false%7D%2C+%22password%22%3A+%220000%22%7D&amp;mode=play&amp;logo_url=http%3A%2F%2Fportal.iptvprivateserver.tv%2Fstalker_portal%2Fmisc%2Flogos%2F320%2F2417.png&quot;)</favourite>
    <favourite name="PPV - The Gunman" thumb="http://portal.iptvprivateserver.tv/stalker_portal/misc/logos/320/2419.png">PlayMedia(&quot;plugin://plugin.video.stalker/?tmp=0&amp;genre_name=%5B%27All%27%5D&amp;title=PPV+-+The+Gunman&amp;cmd=http%3A%2F%2Fiptvnation.com%2F11.mp4&amp;portal=%7B%22name%22%3A+%22NFPS%22%2C+%22parental%22%3A+%22false%22%2C+%22url%22%3A+%22http%3A%2F%2Fportal.iptvprivateserver.tv%22%2C+%22mac%22%3A+%2200%3A1A%3A78%3AA2%3A70%3A47%22%2C+%22serial%22%3A+%7B%22custom%22%3A+false%7D%2C+%22password%22%3A+%220000%22%7D&amp;mode=play&amp;logo_url=http%3A%2F%2Fportal.iptvprivateserver.tv%2Fstalker_portal%2Fmisc%2Flogos%2F320%2F2419.png&quot;)</favourite>
    <favourite name="PPV - Woman in Gold" thumb="http://portal.iptvprivateserver.tv/stalker_portal/misc/logos/320/2424.png">PlayMedia(&quot;plugin://plugin.video.stalker/?tmp=0&amp;genre_name=%5B%27All%27%5D&amp;title=PPV+-+Woman+in+Gold&amp;cmd=http%3A%2F%2Fiptvnation.com%2F12.mp4&amp;portal=%7B%22name%22%3A+%22NFPS%22%2C+%22parental%22%3A+%22false%22%2C+%22url%22%3A+%22http%3A%2F%2Fportal.iptvprivateserver.tv%22%2C+%22mac%22%3A+%2200%3A1A%3A78%3AA2%3A70%3A47%22%2C+%22serial%22%3A+%7B%22custom%22%3A+false%7D%2C+%22password%22%3A+%220000%22%7D&amp;mode=play&amp;logo_url=http%3A%2F%2Fportal.iptvprivateserver.tv%2Fstalker_portal%2Fmisc%2Flogos%2F320%2F2424.png&quot;)</favourite>
    <favourite name="PPV - Pitch Perfect 2" thumb="http://portal.iptvprivateserver.tv/stalker_portal/misc/logos/320/2427.png">PlayMedia(&quot;plugin://plugin.video.stalker/?tmp=0&amp;genre_name=%5B%27All%27%5D&amp;title=PPV+-+Pitch+Perfect+2&amp;cmd=http%3A%2F%2Fiptvnation.com%2F13.mp4&amp;portal=%7B%22name%22%3A+%22NFPS%22%2C+%22parental%22%3A+%22false%22%2C+%22url%22%3A+%22http%3A%2F%2Fportal.iptvprivateserver.tv%22%2C+%22mac%22%3A+%2200%3A1A%3A78%3AA2%3A70%3A47%22%2C+%22serial%22%3A+%7B%22custom%22%3A+false%7D%2C+%22password%22%3A+%220000%22%7D&amp;mode=play&amp;logo_url=http%3A%2F%2Fportal.iptvprivateserver.tv%2Fstalker_portal%2Fmisc%2Flogos%2F320%2F2427.png&quot;)</favourite>
    <favourite name="PPV - San Andreas Quake" thumb="http://portal.iptvprivateserver.tv/stalker_portal/misc/logos/320/2429.png">PlayMedia(&quot;plugin://plugin.video.stalker/?tmp=0&amp;genre_name=%5B%27All%27%5D&amp;title=PPV+-+San+Andreas+Quake&amp;cmd=http%3A%2F%2Fiptvnation.com%2F14.mp4&amp;portal=%7B%22name%22%3A+%22NFPS%22%2C+%22parental%22%3A+%22false%22%2C+%22url%22%3A+%22http%3A%2F%2Fportal.iptvprivateserver.tv%22%2C+%22mac%22%3A+%2200%3A1A%3A78%3AA2%3A70%3A47%22%2C+%22serial%22%3A+%7B%22custom%22%3A+false%7D%2C+%22password%22%3A+%220000%22%7D&amp;mode=play&amp;logo_url=http%3A%2F%2Fportal.iptvprivateserver.tv%2Fstalker_portal%2Fmisc%2Flogos%2F320%2F2429.png&quot;)</favourite>
    <favourite name="PPV - Unfinished Business" thumb="http://portal.iptvprivateserver.tv/stalker_portal/misc/logos/320/2434.png">PlayMedia(&quot;plugin://plugin.video.stalker/?tmp=0&amp;genre_name=%5B%27All%27%5D&amp;title=PPV+-+Unfinished+Business&amp;cmd=http%3A%2F%2Fiptvnation.com%2F15.mp4&amp;portal=%7B%22name%22%3A+%22NFPS%22%2C+%22parental%22%3A+%22false%22%2C+%22url%22%3A+%22http%3A%2F%2Fportal.iptvprivateserver.tv%22%2C+%22mac%22%3A+%2200%3A1A%3A78%3AA2%3A70%3A47%22%2C+%22serial%22%3A+%7B%22custom%22%3A+false%7D%2C+%22password%22%3A+%220000%22%7D&amp;mode=play&amp;logo_url=http%3A%2F%2Fportal.iptvprivateserver.tv%2Fstalker_portal%2Fmisc%2Flogos%2F320%2F2434.png&quot;)</favourite>
    <favourite name="PPV - Ex Machina" thumb="http://portal.iptvprivateserver.tv/stalker_portal/misc/logos/320/2514.png">PlayMedia(&quot;plugin://plugin.video.stalker/?tmp=0&amp;genre_name=%5B%27All%27%5D&amp;title=PPV+-+Ex+Machina&amp;cmd=http%3A%2F%2Fiptvnation.com%2F16.mp4&amp;portal=%7B%22name%22%3A+%22NFPS%22%2C+%22parental%22%3A+%22false%22%2C+%22url%22%3A+%22http%3A%2F%2Fportal.iptvprivateserver.tv%22%2C+%22mac%22%3A+%2200%3A1A%3A78%3AA2%3A70%3A47%22%2C+%22serial%22%3A+%7B%22custom%22%3A+false%7D%2C+%22password%22%3A+%220000%22%7D&amp;mode=play&amp;logo_url=http%3A%2F%2Fportal.iptvprivateserver.tv%2Fstalker_portal%2Fmisc%2Flogos%2F320%2F2514.png&quot;)</favourite>
    <favourite name="PPV - Paul Blart Mall" thumb="http://portal.iptvprivateserver.tv/stalker_portal/misc/logos/320/2517.png">PlayMedia(&quot;plugin://plugin.video.stalker/?tmp=0&amp;genre_name=%5B%27All%27%5D&amp;title=PPV+-+Paul+Blart+Mall&amp;cmd=http%3A%2F%2Fiptvnation.com%2F17.mp4&amp;portal=%7B%22name%22%3A+%22NFPS%22%2C+%22parental%22%3A+%22false%22%2C+%22url%22%3A+%22http%3A%2F%2Fportal.iptvprivateserver.tv%22%2C+%22mac%22%3A+%2200%3A1A%3A78%3AA2%3A70%3A47%22%2C+%22serial%22%3A+%7B%22custom%22%3A+false%7D%2C+%22password%22%3A+%220000%22%7D&amp;mode=play&amp;logo_url=http%3A%2F%2Fportal.iptvprivateserver.tv%2Fstalker_portal%2Fmisc%2Flogos%2F320%2F2517.png&quot;)</favourite>
    <favourite name="PPV - Shaun the Sheep Movie" thumb="http://portal.iptvprivateserver.tv/stalker_portal/misc/logos/320/2522.png">PlayMedia(&quot;plugin://plugin.video.stalker/?tmp=0&amp;genre_name=%5B%27All%27%5D&amp;title=PPV+-+Shaun+the+Sheep+Movie&amp;cmd=http%3A%2F%2Fiptvnation.com%2F18.mp4&amp;portal=%7B%22name%22%3A+%22NFPS%22%2C+%22parental%22%3A+%22false%22%2C+%22url%22%3A+%22http%3A%2F%2Fportal.iptvprivateserver.tv%22%2C+%22mac%22%3A+%2200%3A1A%3A78%3AA2%3A70%3A47%22%2C+%22serial%22%3A+%7B%22custom%22%3A+false%7D%2C+%22password%22%3A+%220000%22%7D&amp;mode=play&amp;logo_url=http%3A%2F%2Fportal.iptvprivateserver.tv%2Fstalker_portal%2Fmisc%2Flogos%2F320%2F2522.png&quot;)</favourite>
    <favourite name="PPV - Focus" thumb="http://portal.iptvprivateserver.tv/stalker_portal/misc/logos/320/2527.png">PlayMedia(&quot;plugin://plugin.video.stalker/?tmp=0&amp;genre_name=%5B%27All%27%5D&amp;title=PPV+-+Focus&amp;cmd=http%3A%2F%2Fiptvnation.com%2F19.mp4&amp;portal=%7B%22name%22%3A+%22NFPS%22%2C+%22parental%22%3A+%22false%22%2C+%22url%22%3A+%22http%3A%2F%2Fportal.iptvprivateserver.tv%22%2C+%22mac%22%3A+%2200%3A1A%3A78%3AA2%3A70%3A47%22%2C+%22serial%22%3A+%7B%22custom%22%3A+false%7D%2C+%22password%22%3A+%220000%22%7D&amp;mode=play&amp;logo_url=http%3A%2F%2Fportal.iptvprivateserver.tv%2Fstalker_portal%2Fmisc%2Flogos%2F320%2F2527.png&quot;)</favourite>
    <favourite name="PPV - Far from the Madding Crowd" thumb="http://portal.iptvprivateserver.tv/stalker_portal/misc/logos/320/2529.png">PlayMedia(&quot;plugin://plugin.video.stalker/?tmp=0&amp;genre_name=%5B%27All%27%5D&amp;title=PPV+-+Far+from+the+Madding+Crowd&amp;cmd=http%3A%2F%2Fiptvnation.com%2F20.mp4&amp;portal=%7B%22name%22%3A+%22NFPS%22%2C+%22parental%22%3A+%22false%22%2C+%22url%22%3A+%22http%3A%2F%2Fportal.iptvprivateserver.tv%22%2C+%22mac%22%3A+%2200%3A1A%3A78%3AA2%3A70%3A47%22%2C+%22serial%22%3A+%7B%22custom%22%3A+false%7D%2C+%22password%22%3A+%220000%22%7D&amp;mode=play&amp;logo_url=http%3A%2F%2Fportal.iptvprivateserver.tv%2Fstalker_portal%2Fmisc%2Flogos%2F320%2F2529.png&quot;)</favourite>
    <favourite name="PPV - Barely Lethal" thumb="http://portal.iptvprivateserver.tv/stalker_portal/misc/logos/320/2534.png">PlayMedia(&quot;plugin://plugin.video.stalker/?tmp=0&amp;genre_name=%5B%27All%27%5D&amp;title=PPV+-+Barely+Lethal&amp;cmd=http%3A%2F%2Fiptvnation.com%2F21.mp4&amp;portal=%7B%22name%22%3A+%22NFPS%22%2C+%22parental%22%3A+%22false%22%2C+%22url%22%3A+%22http%3A%2F%2Fportal.iptvprivateserver.tv%22%2C+%22mac%22%3A+%2200%3A1A%3A78%3AA2%3A70%3A47%22%2C+%22serial%22%3A+%7B%22custom%22%3A+false%7D%2C+%22password%22%3A+%220000%22%7D&amp;mode=play&amp;logo_url=http%3A%2F%2Fportal.iptvprivateserver.tv%2Fstalker_portal%2Fmisc%2Flogos%2F320%2F2534.png&quot;)</favourite>
    <favourite name="PPV - Child 44" thumb="http://portal.iptvprivateserver.tv/stalker_portal/misc/logos/320/2537.png">PlayMedia(&quot;plugin://plugin.video.stalker/?tmp=0&amp;genre_name=%5B%27All%27%5D&amp;title=PPV+-+Child+44&amp;cmd=http%3A%2F%2Fiptvnation.com%2F22.mp4&amp;portal=%7B%22name%22%3A+%22NFPS%22%2C+%22parental%22%3A+%22false%22%2C+%22url%22%3A+%22http%3A%2F%2Fportal.iptvprivateserver.tv%22%2C+%22mac%22%3A+%2200%3A1A%3A78%3AA2%3A70%3A47%22%2C+%22serial%22%3A+%7B%22custom%22%3A+false%7D%2C+%22password%22%3A+%220000%22%7D&amp;mode=play&amp;logo_url=http%3A%2F%2Fportal.iptvprivateserver.tv%2Fstalker_portal%2Fmisc%2Flogos%2F320%2F2537.png&quot;)</favourite>
    <favourite name="PPV - Furious Seven" thumb="http://portal.iptvprivateserver.tv/stalker_portal/misc/logos/320/2539.png">PlayMedia(&quot;plugin://plugin.video.stalker/?tmp=0&amp;genre_name=%5B%27All%27%5D&amp;title=PPV+-+Furious+Seven&amp;cmd=http%3A%2F%2Fiptvnation.com%2F23.mp4&amp;portal=%7B%22name%22%3A+%22NFPS%22%2C+%22parental%22%3A+%22false%22%2C+%22url%22%3A+%22http%3A%2F%2Fportal.iptvprivateserver.tv%22%2C+%22mac%22%3A+%2200%3A1A%3A78%3AA2%3A70%3A47%22%2C+%22serial%22%3A+%7B%22custom%22%3A+false%7D%2C+%22password%22%3A+%220000%22%7D&amp;mode=play&amp;logo_url=http%3A%2F%2Fportal.iptvprivateserver.tv%2Fstalker_portal%2Fmisc%2Flogos%2F320%2F2539.png&quot;)</favourite>
    <favourite name="PPV - Home sweet hell" thumb="http://portal.iptvprivateserver.tv/stalker_portal/misc/logos/320/2544.png">PlayMedia(&quot;plugin://plugin.video.stalker/?tmp=0&amp;genre_name=%5B%27All%27%5D&amp;title=PPV+-+Home+sweet+hell&amp;cmd=http%3A%2F%2Fiptvnation.com%2F24.mp4&amp;portal=%7B%22name%22%3A+%22NFPS%22%2C+%22parental%22%3A+%22false%22%2C+%22url%22%3A+%22http%3A%2F%2Fportal.iptvprivateserver.tv%22%2C+%22mac%22%3A+%2200%3A1A%3A78%3AA2%3A70%3A47%22%2C+%22serial%22%3A+%7B%22custom%22%3A+false%7D%2C+%22password%22%3A+%220000%22%7D&amp;mode=play&amp;logo_url=http%3A%2F%2Fportal.iptvprivateserver.tv%2Fstalker_portal%2Fmisc%2Flogos%2F320%2F2544.png&quot;)</favourite>
    <favourite name="PPV - Road Wars" thumb="http://portal.iptvprivateserver.tv/stalker_portal/misc/logos/320/2547.png">PlayMedia(&quot;plugin://plugin.video.stalker/?tmp=0&amp;genre_name=%5B%27All%27%5D&amp;title=PPV+-+Road+Wars&amp;cmd=http%3A%2F%2Fiptvnation.com%2F25.mp4&amp;portal=%7B%22name%22%3A+%22NFPS%22%2C+%22parental%22%3A+%22false%22%2C+%22url%22%3A+%22http%3A%2F%2Fportal.iptvprivateserver.tv%22%2C+%22mac%22%3A+%2200%3A1A%3A78%3AA2%3A70%3A47%22%2C+%22serial%22%3A+%7B%22custom%22%3A+false%7D%2C+%22password%22%3A+%220000%22%7D&amp;mode=play&amp;logo_url=http%3A%2F%2Fportal.iptvprivateserver.tv%2Fstalker_portal%2Fmisc%2Flogos%2F320%2F2547.png&quot;)</favourite>
    <favourite name="PPV - The Age of adaline" thumb="http://portal.iptvprivateserver.tv/stalker_portal/misc/logos/320/2549.png">PlayMedia(&quot;plugin://plugin.video.stalker/?tmp=0&amp;genre_name=%5B%27All%27%5D&amp;title=PPV+-+The+Age+of+adaline&amp;cmd=http%3A%2F%2Fiptvnation.com%2F26.mp4&amp;portal=%7B%22name%22%3A+%22NFPS%22%2C+%22parental%22%3A+%22false%22%2C+%22url%22%3A+%22http%3A%2F%2Fportal.iptvprivateserver.tv%22%2C+%22mac%22%3A+%2200%3A1A%3A78%3AA2%3A70%3A47%22%2C+%22serial%22%3A+%7B%22custom%22%3A+false%7D%2C+%22password%22%3A+%220000%22%7D&amp;mode=play&amp;logo_url=http%3A%2F%2Fportal.iptvprivateserver.tv%2Fstalker_portal%2Fmisc%2Flogos%2F320%2F2549.png&quot;)</favourite>
    <favourite name="PPV - The Wedding Ringer" thumb="http://portal.iptvprivateserver.tv/stalker_portal/misc/logos/320/2554.png">PlayMedia(&quot;plugin://plugin.video.stalker/?tmp=0&amp;genre_name=%5B%27All%27%5D&amp;title=PPV+-+The+Wedding+Ringer&amp;cmd=http%3A%2F%2Fiptvnation.com%2F27.mp4&amp;portal=%7B%22name%22%3A+%22NFPS%22%2C+%22parental%22%3A+%22false%22%2C+%22url%22%3A+%22http%3A%2F%2Fportal.iptvprivateserver.tv%22%2C+%22mac%22%3A+%2200%3A1A%3A78%3AA2%3A70%3A47%22%2C+%22serial%22%3A+%7B%22custom%22%3A+false%7D%2C+%22password%22%3A+%220000%22%7D&amp;mode=play&amp;logo_url=http%3A%2F%2Fportal.iptvprivateserver.tv%2Fstalker_portal%2Fmisc%2Flogos%2F320%2F2554.png&quot;)</favourite>
    <favourite name="PPV - Tracers" thumb="http://portal.iptvprivateserver.tv/stalker_portal/misc/logos/320/2559.png">PlayMedia(&quot;plugin://plugin.video.stalker/?tmp=0&amp;genre_name=%5B%27All%27%5D&amp;title=PPV+-+Tracers&amp;cmd=http%3A%2F%2Fiptvnation.com%2F28.mp4&amp;portal=%7B%22name%22%3A+%22NFPS%22%2C+%22parental%22%3A+%22false%22%2C+%22url%22%3A+%22http%3A%2F%2Fportal.iptvprivateserver.tv%22%2C+%22mac%22%3A+%2200%3A1A%3A78%3AA2%3A70%3A47%22%2C+%22serial%22%3A+%7B%22custom%22%3A+false%7D%2C+%22password%22%3A+%220000%22%7D&amp;mode=play&amp;logo_url=http%3A%2F%2Fportal.iptvprivateserver.tv%2Fstalker_portal%2Fmisc%2Flogos%2F320%2F2559.png&quot;)</favourite>
    <favourite name="PPV - Last Knights " thumb="http://portal.iptvprivateserver.tv/stalker_portal/misc/logos/320/2562.png">PlayMedia(&quot;plugin://plugin.video.stalker/?tmp=0&amp;genre_name=%5B%27All%27%5D&amp;title=PPV+-+Last+Knights+&amp;cmd=http%3A%2F%2Fiptvnation.com%2F29.mp4&amp;portal=%7B%22name%22%3A+%22NFPS%22%2C+%22parental%22%3A+%22false%22%2C+%22url%22%3A+%22http%3A%2F%2Fportal.iptvprivateserver.tv%22%2C+%22mac%22%3A+%2200%3A1A%3A78%3AA2%3A70%3A47%22%2C+%22serial%22%3A+%7B%22custom%22%3A+false%7D%2C+%22password%22%3A+%220000%22%7D&amp;mode=play&amp;logo_url=http%3A%2F%2Fportal.iptvprivateserver.tv%2Fstalker_portal%2Fmisc%2Flogos%2F320%2F2562.png&quot;)</favourite>
</favourites>
