<favourites>
	<favourite name="Popular TV Episodes" thumb="http://www.blackbox247.com/images/TV-Shows.png">ActivateWindow(10025,&quot;plugin://plugin.video.moviestorm/?description&amp;iconimage=C%3a%5cUsers%5cAnh%5cAppData%5cRoaming%5cKodi%5caddons%5cplugin.video.moviestorm%5cart%5cpopular.png&amp;list&amp;mode=1&amp;name=Popular&amp;url=http%3a%2f%2fmoviestorm.eu%2fseries%2fpopular%2f&quot;,return)</favourite>
	<favourite name="New TV Episodes" thumb="http://www.blackbox247.com/images/New_TV_Episodes.png">ActivateWindow(10025,&quot;plugin://plugin.video.moviestorm/?description&amp;iconimage=C%3a%5cUsers%5cAnh%5cAppData%5cRoaming%5cKodi%5caddons%5cplugin.video.moviestorm%5cart%5cnew.png&amp;list&amp;mode=5&amp;name=New%20Episodes&amp;url=http%3a%2f%2fmoviestorm.eu%2fseries%2fnewepisodes%2f&quot;,return)</favourite>
	<favourite name="Latest Episodes" thumb="special://home/addons\plugin.video.genesis\resources\media\gone\calendarsAdded.jpg">ActivateWindow(10025,&quot;plugin://plugin.video.genesis/?action=calendar&amp;url=added&quot;,return)</favourite>
	<favourite name="TV Shows" thumb="http://www.blackbox247.com/images/television.png">ActivateWindow(10025,&quot;plugin://plugin.video.1channel/?mode=BrowseListMenu&amp;section=tv&quot;,return)</favourite>
	<favourite name="Current TV Shows" thumb="http://assassinhtpcblog.com/customicons/version1/TV.png">ActivateWindow(10025,&quot;plugin://plugin.video.phstreams/?action=ndmode&amp;audio=0&amp;content=0&amp;fanart=http%3a%2f%2fs5.postimg.org%2fn5fv921c7%2fFan_art.png&amp;image=http%3a%2f%2fs5.postimg.org%2fhsr0uxdfr%2fsections.jpg&amp;name=%5bCOLOR%20yellow%5dCurrent%20TV%20Shows%5b%2fCOLOR%5d&amp;playable=false&amp;tvshow=0&amp;url=http%3a%2f%2fyork.watchkodi.com%2fPlaylists%2fTV.xml&quot;,return)</favourite>
	<favourite name="Navi-X" thumb="special://home/addons/script.navi-x/icon.png">RunAddon(script.navi-x)</favourite>
	<favourite name="Classic TV Shows" thumb="http://metalkettle.co/UKTurk/thumbs/UK TURK classic tv.jpg">ActivateWindow(10025,&quot;plugin://plugin.video.ukturk/?description&amp;iconimage=http%3a%2f%2fmetalkettle.co%2fUKTurk%2fthumbs%2fUK%20TURK%20classic%20tv.jpg&amp;mode=1&amp;name=Classic%20TV%20Shows&amp;url=http%3a%2f%2fmetalkettle.co%2fUKTurk%2ftv%20shows%2fIndex.txt&quot;,return)</favourite>
</favourites>