<?xml version="1.0" encoding="UTF-8" standalone="yes"?>
<addon id="plugin.video.tubevip4pc" name="Tube VIP for PC" version="1.0.1" provider-name="vietccloud">
  <requires>
    <import addon="repository.vietccloud" optional="true" />
  </requires>
  <extension point="xbmc.python.pluginsource" library="default.py">
    <provides>video</provides>
  </extension>  
  <extension point="xbmc.addon.metadata">
    <summary>YouTube and more for Win/Mac/Linux PC</summary>
    <description>
- This Kodi add-on can only be used on Windows, Macintosh, or Linux PC which must have Kodi Chrome Launcher and Google Chrome Browser installed.

[B]- Kodi add-on này chỉ dùng được trong máy Windows, Macintosh, hoặc Linux PC đã cài Kodi Chrome Launcher và Google Chrome Browser.[/B]
    </description>
    <platform>all</platform>
  </extension>
</addon>