<?xml version="1.0" encoding="UTF-8" standalone="yes"?>
<addon id="repository.cxkodi.com"
		name="CxKodi Add-ons"
		version="1.0.0"
		provider-name="CxKodi">
  <requires>
    <import addon="xbmc.addon" version="12.0.0"/>
  </requires>
	<extension point="xbmc.addon.repository"
		name="CxKodi Add-on Repository">
		<info compressed="true">https://raw.githubusercontent.com/vinhhrv/cxkodi/master/addons.xml</info>
		<checksum>https://raw.githubusercontent.com/vinhhrv/cxkodi/master/addons.xml.md5</checksum>
		<datadir zip="true">https://raw.githubusercontent.com/vinhhrv/cxkodi/master</datadir>
		<hashes>true</hashes>
	</extension>
	<extension point="xbmc.addon.metadata">
		<summary lang="en">CxKodi</summary>
		<description lang="en"></description>
		<disclaimer lang="en"></disclaimer>
		<platform>all</platform>
	</extension>
</addon>
