<?xml version="1.0" encoding="utf-8" standalone="yes"?>

<channel>
<items>

<item>
<title>[COLOR red]SBTN USA[/COLOR]</title>
<link>https://www.youtube.com/user/sbtnofficial</link>
<thumbnail></thumbnail>
</item>

<item>
<title>[COLOR red]SBTN Houston[/COLOR]</title>
<link>https://www.youtube.com/user/sbtnhosuton</link>
<thumbnail></thumbnail>
</item>

<item>
<title>[COLOR red]SBTN Boston[/COLOR]</title>
<link>https://www.youtube.com/user/newssbtnboston</link>
<thumbnail></thumbnail>
</item>

<item>
<title>[COLOR red]SBTN Canada[/COLOR]</title>
<link>https://www.youtube.com/user/thoibaocanada</link>
<thumbnail></thumbnail>
</item>

<item>
<title>[COLOR red]SBTN Úc Châu[/COLOR]</title>
<link>https://www.youtube.com/user/SBTNAUS</link>
<thumbnail></thumbnail>
</item>

<item>
<title>[COLOR red]SBTN Paris[/COLOR]</title>
<link>https://www.youtube.com/user/paris2013sbtn</link>
<thumbnail></thumbnail>
</item>

</items>
</channel>