﻿</favourite>

    <favourite name="Venus" thumb="http://portal.iptvprivateserver.tv/stalker_portal/misc/logos/320/107.png">PlayMedia(&quot;plugin://plugin.video.stalker/?tmp=1&amp;genre_name=%5B%27For+Adults%27%5D&amp;title=Venus&amp;cmd=ffrt2+http%3A%2F%2Flocalhost%2Fch%2F285&amp;portal=%7B%22name%22%3A+%22NFPS%22%2C+%22parental%22%3A+%22false%22%2C+%22url%22%3A+%22http%3A%2F%2Fportal.iptvprivateserver.tv%22%2C+%22mac%22%3A+%2200%3A1A%3A78%3AA2%3A70%3A47%22%2C+%22serial%22%3A+%7B%22custom%22%3A+false%7D%2C+%22password%22%3A+%220000%22%7D&amp;mode=play&amp;logo_url=http%3A%2F%2Fportal.iptvprivateserver.tv%2Fstalker_portal%2Fmisc%2Flogos%2F320%2F107.png&quot;)</favourite>
    <favourite name="Sextreme" thumb="http://portal.iptvprivateserver.tv/stalker_portal/misc/logos/320/109.png">PlayMedia(&quot;plugin://plugin.video.stalker/?tmp=1&amp;genre_name=%5B%27For+Adults%27%5D&amp;title=Sextreme&amp;cmd=ffrt2+http%3A%2F%2Flocalhost%2Fch%2F287&amp;portal=%7B%22name%22%3A+%22NFPS%22%2C+%22parental%22%3A+%22false%22%2C+%22url%22%3A+%22http%3A%2F%2Fportal.iptvprivateserver.tv%22%2C+%22mac%22%3A+%2200%3A1A%3A78%3AA2%3A70%3A47%22%2C+%22serial%22%3A+%7B%22custom%22%3A+false%7D%2C+%22password%22%3A+%220000%22%7D&amp;mode=play&amp;logo_url=http%3A%2F%2Fportal.iptvprivateserver.tv%2Fstalker_portal%2Fmisc%2Flogos%2F320%2F109.png&quot;)</favourite>
    <favourite name="Manhandle XXX" thumb="http://portal.iptvprivateserver.tv/stalker_portal/misc/logos/320/607.png">PlayMedia(&quot;plugin://plugin.video.stalker/?tmp=1&amp;genre_name=%5B%27For+Adults%27%5D&amp;title=Manhandle+XXX&amp;cmd=ffrt2+http%3A%2F%2Flocalhost%2Fch%2F1027&amp;portal=%7B%22name%22%3A+%22NFPS%22%2C+%22parental%22%3A+%22false%22%2C+%22url%22%3A+%22http%3A%2F%2Fportal.iptvprivateserver.tv%22%2C+%22mac%22%3A+%2200%3A1A%3A78%3AA2%3A70%3A47%22%2C+%22serial%22%3A+%7B%22custom%22%3A+false%7D%2C+%22password%22%3A+%220000%22%7D&amp;mode=play&amp;logo_url=http%3A%2F%2Fportal.iptvprivateserver.tv%2Fstalker_portal%2Fmisc%2Flogos%2F320%2F607.png&quot;)</favourite>
    <favourite name="Secrets" thumb="http://portal.iptvprivateserver.tv/stalker_portal/misc/logos/320/605.png">PlayMedia(&quot;plugin://plugin.video.stalker/?tmp=1&amp;genre_name=%5B%27For+Adults%27%5D&amp;title=Secrets&amp;cmd=ffrt2+http%3A%2F%2Flocalhost%2Fch%2F1025&amp;portal=%7B%22name%22%3A+%22NFPS%22%2C+%22parental%22%3A+%22false%22%2C+%22url%22%3A+%22http%3A%2F%2Fportal.iptvprivateserver.tv%22%2C+%22mac%22%3A+%2200%3A1A%3A78%3AA2%3A70%3A47%22%2C+%22serial%22%3A+%7B%22custom%22%3A+false%7D%2C+%22password%22%3A+%220000%22%7D&amp;mode=play&amp;logo_url=http%3A%2F%2Fportal.iptvprivateserver.tv%2Fstalker_portal%2Fmisc%2Flogos%2F320%2F605.png&quot;)</favourite>
    <favourite name="Playboy TV Latin America" thumb="http://portal.iptvprivateserver.tv/stalker_portal/misc/logos/320/111.png">PlayMedia(&quot;plugin://plugin.video.stalker/?tmp=1&amp;genre_name=%5B%27For+Adults%27%5D&amp;title=Playboy+TV+Latin+America&amp;cmd=ffrt2+http%3A%2F%2Flocalhost%2Fch%2F289&amp;portal=%7B%22name%22%3A+%22NFPS%22%2C+%22parental%22%3A+%22false%22%2C+%22url%22%3A+%22http%3A%2F%2Fportal.iptvprivateserver.tv%22%2C+%22mac%22%3A+%2200%3A1A%3A78%3AA2%3A70%3A47%22%2C+%22serial%22%3A+%7B%22custom%22%3A+false%7D%2C+%22password%22%3A+%220000%22%7D&amp;mode=play&amp;logo_url=http%3A%2F%2Fportal.iptvprivateserver.tv%2Fstalker_portal%2Fmisc%2Flogos%2F320%2F111.png&quot;)</favourite>
    <favourite name="Playboy TV" thumb="http://portal.iptvprivateserver.tv/stalker_portal/misc/logos/320/433.png">PlayMedia(&quot;plugin://plugin.video.stalker/?tmp=0&amp;genre_name=%5B%27For+Adults%27%5D&amp;title=Playboy+TV&amp;cmd=ffrt2+http%3A%2F%2F62.210.82.241%3A8081%2Fpboytv%2Fpboytv%2Fchunklist_w2025160262.m3u8&amp;portal=%7B%22name%22%3A+%22NFPS%22%2C+%22parental%22%3A+%22false%22%2C+%22url%22%3A+%22http%3A%2F%2Fportal.iptvprivateserver.tv%22%2C+%22mac%22%3A+%2200%3A1A%3A78%3AA2%3A70%3A47%22%2C+%22serial%22%3A+%7B%22custom%22%3A+false%7D%2C+%22password%22%3A+%220000%22%7D&amp;mode=play&amp;logo_url=http%3A%2F%2Fportal.iptvprivateserver.tv%2Fstalker_portal%2Fmisc%2Flogos%2F320%2F433.png&quot;)</favourite>
    <favourite name="Real" thumb="http://portal.iptvprivateserver.tv/stalker_portal/misc/logos/320/601.png">PlayMedia(&quot;plugin://plugin.video.stalker/?tmp=1&amp;genre_name=%5B%27For+Adults%27%5D&amp;title=Real&amp;cmd=ffrt2+http%3A%2F%2Flocalhost%2Fch%2F1021&amp;portal=%7B%22name%22%3A+%22NFPS%22%2C+%22parental%22%3A+%22false%22%2C+%22url%22%3A+%22http%3A%2F%2Fportal.iptvprivateserver.tv%22%2C+%22mac%22%3A+%2200%3A1A%3A78%3AA2%3A70%3A47%22%2C+%22serial%22%3A+%7B%22custom%22%3A+false%7D%2C+%22password%22%3A+%220000%22%7D&amp;mode=play&amp;logo_url=http%3A%2F%2Fportal.iptvprivateserver.tv%2Fstalker_portal%2Fmisc%2Flogos%2F320%2F601.png&quot;)</favourite>
    <favourite name="Juicy" thumb="http://portal.iptvprivateserver.tv/stalker_portal/misc/logos/320/603.png">PlayMedia(&quot;plugin://plugin.video.stalker/?tmp=1&amp;genre_name=%5B%27For+Adults%27%5D&amp;title=Juicy&amp;cmd=ffrt2+http%3A%2F%2Flocalhost%2Fch%2F1023&amp;portal=%7B%22name%22%3A+%22NFPS%22%2C+%22parental%22%3A+%22false%22%2C+%22url%22%3A+%22http%3A%2F%2Fportal.iptvprivateserver.tv%22%2C+%22mac%22%3A+%2200%3A1A%3A78%3AA2%3A70%3A47%22%2C+%22serial%22%3A+%7B%22custom%22%3A+false%7D%2C+%22password%22%3A+%220000%22%7D&amp;mode=play&amp;logo_url=http%3A%2F%2Fportal.iptvprivateserver.tv%2Fstalker_portal%2Fmisc%2Flogos%2F320%2F603.png&quot;)</favourite>
    <favourite name="Hustler TV USA" thumb="http://portal.iptvprivateserver.tv/stalker_portal/misc/logos/320/495.png">PlayMedia(&quot;plugin://plugin.video.stalker/?tmp=1&amp;genre_name=%5B%27For+Adults%27%5D&amp;title=Hustler+TV+USA&amp;cmd=ffrt2+http%3A%2F%2Flocalhost%2Fch%2F1707&amp;portal=%7B%22name%22%3A+%22NFPS%22%2C+%22parental%22%3A+%22false%22%2C+%22url%22%3A+%22http%3A%2F%2Fportal.iptvprivateserver.tv%22%2C+%22mac%22%3A+%2200%3A1A%3A78%3AA2%3A70%3A47%22%2C+%22serial%22%3A+%7B%22custom%22%3A+false%7D%2C+%22password%22%3A+%220000%22%7D&amp;mode=play&amp;logo_url=http%3A%2F%2Fportal.iptvprivateserver.tv%2Fstalker_portal%2Fmisc%2Flogos%2F320%2F495.png&quot;)</favourite>
    <favourite name="Xtsy XXX" thumb="http://portal.iptvprivateserver.tv/stalker_portal/misc/logos/320/849.png">PlayMedia(&quot;plugin://plugin.video.stalker/?tmp=1&amp;genre_name=%5B%27For+Adults%27%5D&amp;title=Xtsy+XXX&amp;cmd=ffrt2+http%3A%2F%2Flocalhost%2Fch%2F1463&amp;portal=%7B%22name%22%3A+%22NFPS%22%2C+%22parental%22%3A+%22false%22%2C+%22url%22%3A+%22http%3A%2F%2Fportal.iptvprivateserver.tv%22%2C+%22mac%22%3A+%2200%3A1A%3A78%3AA2%3A70%3A47%22%2C+%22serial%22%3A+%7B%22custom%22%3A+false%7D%2C+%22password%22%3A+%220000%22%7D&amp;mode=play&amp;logo_url=http%3A%2F%2Fportal.iptvprivateserver.tv%2Fstalker_portal%2Fmisc%2Flogos%2F320%2F849.png&quot;)</favourite>
    <favourite name="Adult 1" thumb="http://portal.iptvprivateserver.tv/stalker_portal/misc/logos/320/339.png">PlayMedia(&quot;plugin://plugin.video.stalker/?tmp=0&amp;genre_name=%5B%27For+Adults%27%5D&amp;title=Adult+1&amp;cmd=http%3A%2F%2Fiptvnation.com%2Fporn%2Fvideo.mp4&amp;portal=%7B%22name%22%3A+%22NFPS%22%2C+%22parental%22%3A+%22false%22%2C+%22url%22%3A+%22http%3A%2F%2Fportal.iptvprivateserver.tv%22%2C+%22mac%22%3A+%2200%3A1A%3A78%3AA2%3A70%3A47%22%2C+%22serial%22%3A+%7B%22custom%22%3A+false%7D%2C+%22password%22%3A+%220000%22%7D&amp;mode=play&amp;logo_url=http%3A%2F%2Fportal.iptvprivateserver.tv%2Fstalker_portal%2Fmisc%2Flogos%2F320%2F339.png&quot;)</favourite>
    <favourite name="Adult 2" thumb="http://portal.iptvprivateserver.tv/stalker_portal/misc/logos/320/459.png">PlayMedia(&quot;plugin://plugin.video.stalker/?tmp=0&amp;genre_name=%5B%27For+Adults%27%5D&amp;title=Adult+2&amp;cmd=http%3A%2F%2Fiptvnation.com%2Fporn%2Fvideo.mp4&amp;portal=%7B%22name%22%3A+%22NFPS%22%2C+%22parental%22%3A+%22false%22%2C+%22url%22%3A+%22http%3A%2F%2Fportal.iptvprivateserver.tv%22%2C+%22mac%22%3A+%2200%3A1A%3A78%3AA2%3A70%3A47%22%2C+%22serial%22%3A+%7B%22custom%22%3A+false%7D%2C+%22password%22%3A+%220000%22%7D&amp;mode=play&amp;logo_url=http%3A%2F%2Fportal.iptvprivateserver.tv%2Fstalker_portal%2Fmisc%2Flogos%2F320%2F459.png&quot;)</favourite>
    <favourite name="Adult 3" thumb="http://portal.iptvprivateserver.tv/stalker_portal/misc/logos/320/457.png">PlayMedia(&quot;plugin://plugin.video.stalker/?tmp=0&amp;genre_name=%5B%27For+Adults%27%5D&amp;title=Adult+3&amp;cmd=ffrt2+http%3A%2F%2Fwowza1.videos.movile.com%3A8080%2Flive%2Fsmil%3Aadulto_1.smil%2Fplaylist.m3u8&amp;portal=%7B%22name%22%3A+%22NFPS%22%2C+%22parental%22%3A+%22false%22%2C+%22url%22%3A+%22http%3A%2F%2Fportal.iptvprivateserver.tv%22%2C+%22mac%22%3A+%2200%3A1A%3A78%3AA2%3A70%3A47%22%2C+%22serial%22%3A+%7B%22custom%22%3A+false%7D%2C+%22password%22%3A+%220000%22%7D&amp;mode=play&amp;logo_url=http%3A%2F%2Fportal.iptvprivateserver.tv%2Fstalker_portal%2Fmisc%2Flogos%2F320%2F457.png&quot;)</favourite>
    <favourite name="Adult 4" thumb="http://portal.iptvprivateserver.tv/stalker_portal/misc/logos/320/455.png">PlayMedia(&quot;plugin://plugin.video.stalker/?tmp=0&amp;genre_name=%5B%27For+Adults%27%5D&amp;title=Adult+4&amp;cmd=ffrt2+http%3A%2F%2Fwowza1.videos.movile.com%3A8080%2Flive%2Fsmil%3Aadultopremium_1.smil%2Fplaylist.m3u8&amp;portal=%7B%22name%22%3A+%22NFPS%22%2C+%22parental%22%3A+%22false%22%2C+%22url%22%3A+%22http%3A%2F%2Fportal.iptvprivateserver.tv%22%2C+%22mac%22%3A+%2200%3A1A%3A78%3AA2%3A70%3A47%22%2C+%22serial%22%3A+%7B%22custom%22%3A+false%7D%2C+%22password%22%3A+%220000%22%7D&amp;mode=play&amp;logo_url=http%3A%2F%2Fportal.iptvprivateserver.tv%2Fstalker_portal%2Fmisc%2Flogos%2F320%2F455.png&quot;)</favourite>
    <favourite name="Adult 5" thumb="http://portal.iptvprivateserver.tv/stalker_portal/misc/logos/320/453.png">PlayMedia(&quot;plugin://plugin.video.stalker/?tmp=0&amp;genre_name=%5B%27For+Adults%27%5D&amp;title=Adult+5&amp;cmd=http%3A%2F%2Fiptvnation.com%2Fporn%2Fvideo.mp4&amp;portal=%7B%22name%22%3A+%22NFPS%22%2C+%22parental%22%3A+%22false%22%2C+%22url%22%3A+%22http%3A%2F%2Fportal.iptvprivateserver.tv%22%2C+%22mac%22%3A+%2200%3A1A%3A78%3AA2%3A70%3A47%22%2C+%22serial%22%3A+%7B%22custom%22%3A+false%7D%2C+%22password%22%3A+%220000%22%7D&amp;mode=play&amp;logo_url=http%3A%2F%2Fportal.iptvprivateserver.tv%2Fstalker_portal%2Fmisc%2Flogos%2F320%2F453.png&quot;)</favourite>
    <favourite name="Adult 6" thumb="http://portal.iptvprivateserver.tv/stalker_portal/misc/logos/320/449.png">PlayMedia(&quot;plugin://plugin.video.stalker/?tmp=0&amp;genre_name=%5B%27For+Adults%27%5D&amp;title=Adult+6&amp;cmd=http%3A%2F%2Fiptvnation.com%2Fporn%2Fvideo.mp4&amp;portal=%7B%22name%22%3A+%22NFPS%22%2C+%22parental%22%3A+%22false%22%2C+%22url%22%3A+%22http%3A%2F%2Fportal.iptvprivateserver.tv%22%2C+%22mac%22%3A+%2200%3A1A%3A78%3AA2%3A70%3A47%22%2C+%22serial%22%3A+%7B%22custom%22%3A+false%7D%2C+%22password%22%3A+%220000%22%7D&amp;mode=play&amp;logo_url=http%3A%2F%2Fportal.iptvprivateserver.tv%2Fstalker_portal%2Fmisc%2Flogos%2F320%2F449.png&quot;)</favourite>
    <favourite name="Adult 7" thumb="http://portal.iptvprivateserver.tv/stalker_portal/misc/logos/320/451.png">PlayMedia(&quot;plugin://plugin.video.stalker/?tmp=0&amp;genre_name=%5B%27For+Adults%27%5D&amp;title=Adult+7&amp;cmd=http%3A%2F%2Fiptvnation.com%2Fporn%2Fvideo.mp4&amp;portal=%7B%22name%22%3A+%22NFPS%22%2C+%22parental%22%3A+%22false%22%2C+%22url%22%3A+%22http%3A%2F%2Fportal.iptvprivateserver.tv%22%2C+%22mac%22%3A+%2200%3A1A%3A78%3AA2%3A70%3A47%22%2C+%22serial%22%3A+%7B%22custom%22%3A+false%7D%2C+%22password%22%3A+%220000%22%7D&amp;mode=play&amp;logo_url=http%3A%2F%2Fportal.iptvprivateserver.tv%2Fstalker_portal%2Fmisc%2Flogos%2F320%2F451.png&quot;)</favourite>
    <favourite name="Adult 8" thumb="http://portal.iptvprivateserver.tv/stalker_portal/misc/logos/320/297.png">PlayMedia(&quot;plugin://plugin.video.stalker/?tmp=0&amp;genre_name=%5B%27For+Adults%27%5D&amp;title=Adult+8&amp;cmd=http%3A%2F%2Fiptvnation.com%2Fporn%2Fvideo.mp4&amp;portal=%7B%22name%22%3A+%22NFPS%22%2C+%22parental%22%3A+%22false%22%2C+%22url%22%3A+%22http%3A%2F%2Fportal.iptvprivateserver.tv%22%2C+%22mac%22%3A+%2200%3A1A%3A78%3AA2%3A70%3A47%22%2C+%22serial%22%3A+%7B%22custom%22%3A+false%7D%2C+%22password%22%3A+%220000%22%7D&amp;mode=play&amp;logo_url=http%3A%2F%2Fportal.iptvprivateserver.tv%2Fstalker_portal%2Fmisc%2Flogos%2F320%2F297.png&quot;)</favourite>
    <favourite name="Adult 9" thumb="http://portal.iptvprivateserver.tv/stalker_portal/misc/logos/320/445.png">PlayMedia(&quot;plugin://plugin.video.stalker/?tmp=0&amp;genre_name=%5B%27For+Adults%27%5D&amp;title=Adult+9&amp;cmd=ffrt2+rtmp%3A%2F%2Fedge2.everyon.tv%2Fetv2sb%2Fphd771&amp;portal=%7B%22name%22%3A+%22NFPS%22%2C+%22parental%22%3A+%22false%22%2C+%22url%22%3A+%22http%3A%2F%2Fportal.iptvprivateserver.tv%22%2C+%22mac%22%3A+%2200%3A1A%3A78%3AA2%3A70%3A47%22%2C+%22serial%22%3A+%7B%22custom%22%3A+false%7D%2C+%22password%22%3A+%220000%22%7D&amp;mode=play&amp;logo_url=http%3A%2F%2Fportal.iptvprivateserver.tv%2Fstalker_portal%2Fmisc%2Flogos%2F320%2F445.png&quot;)</favourite>
    <favourite name="Adult 10" thumb="http://portal.iptvprivateserver.tv/stalker_portal/misc/logos/320/447.png">PlayMedia(&quot;plugin://plugin.video.stalker/?tmp=0&amp;genre_name=%5B%27For+Adults%27%5D&amp;title=Adult+10&amp;cmd=http%3A%2F%2Fiptvnation.com%2Fporn%2Fvideo.mp4&amp;portal=%7B%22name%22%3A+%22NFPS%22%2C+%22parental%22%3A+%22false%22%2C+%22url%22%3A+%22http%3A%2F%2Fportal.iptvprivateserver.tv%22%2C+%22mac%22%3A+%2200%3A1A%3A78%3AA2%3A70%3A47%22%2C+%22serial%22%3A+%7B%22custom%22%3A+false%7D%2C+%22password%22%3A+%220000%22%7D&amp;mode=play&amp;logo_url=http%3A%2F%2Fportal.iptvprivateserver.tv%2Fstalker_portal%2Fmisc%2Flogos%2F320%2F447.png&quot;)</favourite>
    <favourite name="Adult 11" thumb="http://portal.iptvprivateserver.tv/stalker_portal/misc/logos/320/473.png">PlayMedia(&quot;plugin://plugin.video.stalker/?tmp=0&amp;genre_name=%5B%27For+Adults%27%5D&amp;title=Adult+11&amp;cmd=http%3A%2F%2Fiptvnation.com%2Fporn%2Fvideo.mp4&amp;portal=%7B%22name%22%3A+%22NFPS%22%2C+%22parental%22%3A+%22false%22%2C+%22url%22%3A+%22http%3A%2F%2Fportal.iptvprivateserver.tv%22%2C+%22mac%22%3A+%2200%3A1A%3A78%3AA2%3A70%3A47%22%2C+%22serial%22%3A+%7B%22custom%22%3A+false%7D%2C+%22password%22%3A+%220000%22%7D&amp;mode=play&amp;logo_url=http%3A%2F%2Fportal.iptvprivateserver.tv%2Fstalker_portal%2Fmisc%2Flogos%2F320%2F473.png&quot;)</favourite>
    <favourite name="Adult 12" thumb="http://portal.iptvprivateserver.tv/stalker_portal/misc/logos/320/475.png">PlayMedia(&quot;plugin://plugin.video.stalker/?tmp=0&amp;genre_name=%5B%27For+Adults%27%5D&amp;title=Adult+12&amp;cmd=http%3A%2F%2Fiptvnation.com%2Fporn%2Fvideo.mp4&amp;portal=%7B%22name%22%3A+%22NFPS%22%2C+%22parental%22%3A+%22false%22%2C+%22url%22%3A+%22http%3A%2F%2Fportal.iptvprivateserver.tv%22%2C+%22mac%22%3A+%2200%3A1A%3A78%3AA2%3A70%3A47%22%2C+%22serial%22%3A+%7B%22custom%22%3A+false%7D%2C+%22password%22%3A+%220000%22%7D&amp;mode=play&amp;logo_url=http%3A%2F%2Fportal.iptvprivateserver.tv%2Fstalker_portal%2Fmisc%2Flogos%2F320%2F475.png&quot;)</favourite>
    <favourite name="Adult 13" thumb="http://portal.iptvprivateserver.tv/stalker_portal/misc/logos/320/477.png">PlayMedia(&quot;plugin://plugin.video.stalker/?tmp=0&amp;genre_name=%5B%27For+Adults%27%5D&amp;title=Adult+13&amp;cmd=http%3A%2F%2Fiptvnation.com%2Fporn%2Fvideo.mp4&amp;portal=%7B%22name%22%3A+%22NFPS%22%2C+%22parental%22%3A+%22false%22%2C+%22url%22%3A+%22http%3A%2F%2Fportal.iptvprivateserver.tv%22%2C+%22mac%22%3A+%2200%3A1A%3A78%3AA2%3A70%3A47%22%2C+%22serial%22%3A+%7B%22custom%22%3A+false%7D%2C+%22password%22%3A+%220000%22%7D&amp;mode=play&amp;logo_url=http%3A%2F%2Fportal.iptvprivateserver.tv%2Fstalker_portal%2Fmisc%2Flogos%2F320%2F477.png&quot;)</favourite>
    <favourite name="Adult 14" thumb="http://portal.iptvprivateserver.tv/stalker_portal/misc/logos/320/479.png">PlayMedia(&quot;plugin://plugin.video.stalker/?tmp=0&amp;genre_name=%5B%27For+Adults%27%5D&amp;title=Adult+14&amp;cmd=http%3A%2F%2Fiptvnation.com%2Fporn%2Fvideo.mp4&amp;portal=%7B%22name%22%3A+%22NFPS%22%2C+%22parental%22%3A+%22false%22%2C+%22url%22%3A+%22http%3A%2F%2Fportal.iptvprivateserver.tv%22%2C+%22mac%22%3A+%2200%3A1A%3A78%3AA2%3A70%3A47%22%2C+%22serial%22%3A+%7B%22custom%22%3A+false%7D%2C+%22password%22%3A+%220000%22%7D&amp;mode=play&amp;logo_url=http%3A%2F%2Fportal.iptvprivateserver.tv%2Fstalker_portal%2Fmisc%2Flogos%2F320%2F479.png&quot;)</favourite>
    <favourite name="Adult 15" thumb="http://portal.iptvprivateserver.tv/stalker_portal/misc/logos/320/481.png">PlayMedia(&quot;plugin://plugin.video.stalker/?tmp=0&amp;genre_name=%5B%27For+Adults%27%5D&amp;title=Adult+15&amp;cmd=ffrt2+rtmp%3A%2F%2Fedge2.everyon.tv%2Fetv2%2Fpld1003&amp;portal=%7B%22name%22%3A+%22NFPS%22%2C+%22parental%22%3A+%22false%22%2C+%22url%22%3A+%22http%3A%2F%2Fportal.iptvprivateserver.tv%22%2C+%22mac%22%3A+%2200%3A1A%3A78%3AA2%3A70%3A47%22%2C+%22serial%22%3A+%7B%22custom%22%3A+false%7D%2C+%22password%22%3A+%220000%22%7D&amp;mode=play&amp;logo_url=http%3A%2F%2Fportal.iptvprivateserver.tv%2Fstalker_portal%2Fmisc%2Flogos%2F320%2F481.png&quot;)</favourite>
    <favourite name="Adult 16" thumb="http://portal.iptvprivateserver.tv/stalker_portal/misc/logos/320/483.png">PlayMedia(&quot;plugin://plugin.video.stalker/?tmp=0&amp;genre_name=%5B%27For+Adults%27%5D&amp;title=Adult+16&amp;cmd=http%3A%2F%2Fiptvnation.com%2Fporn%2Fvideo.mp4&amp;portal=%7B%22name%22%3A+%22NFPS%22%2C+%22parental%22%3A+%22false%22%2C+%22url%22%3A+%22http%3A%2F%2Fportal.iptvprivateserver.tv%22%2C+%22mac%22%3A+%2200%3A1A%3A78%3AA2%3A70%3A47%22%2C+%22serial%22%3A+%7B%22custom%22%3A+false%7D%2C+%22password%22%3A+%220000%22%7D&amp;mode=play&amp;logo_url=http%3A%2F%2Fportal.iptvprivateserver.tv%2Fstalker_portal%2Fmisc%2Flogos%2F320%2F483.png&quot;)</favourite>
    <favourite name="Adult 17" thumb="http://portal.iptvprivateserver.tv/stalker_portal/misc/logos/320/485.png">PlayMedia(&quot;plugin://plugin.video.stalker/?tmp=0&amp;genre_name=%5B%27For+Adults%27%5D&amp;title=Adult+17&amp;cmd=ffrt2+rtmp%3A%2F%2Fedge2.everyon.tv%2Fetv2sb%2Fphd59&amp;portal=%7B%22name%22%3A+%22NFPS%22%2C+%22parental%22%3A+%22false%22%2C+%22url%22%3A+%22http%3A%2F%2Fportal.iptvprivateserver.tv%22%2C+%22mac%22%3A+%2200%3A1A%3A78%3AA2%3A70%3A47%22%2C+%22serial%22%3A+%7B%22custom%22%3A+false%7D%2C+%22password%22%3A+%220000%22%7D&amp;mode=play&amp;logo_url=http%3A%2F%2Fportal.iptvprivateserver.tv%2Fstalker_portal%2Fmisc%2Flogos%2F320%2F485.png&quot;)</favourite>
    <favourite name="Adult 18" thumb="http://portal.iptvprivateserver.tv/stalker_portal/misc/logos/320/487.png">PlayMedia(&quot;plugin://plugin.video.stalker/?tmp=0&amp;genre_name=%5B%27For+Adults%27%5D&amp;title=Adult+18&amp;cmd=http%3A%2F%2Fiptvnation.com%2Fporn%2Fvideo.mp4&amp;portal=%7B%22name%22%3A+%22NFPS%22%2C+%22parental%22%3A+%22false%22%2C+%22url%22%3A+%22http%3A%2F%2Fportal.iptvprivateserver.tv%22%2C+%22mac%22%3A+%2200%3A1A%3A78%3AA2%3A70%3A47%22%2C+%22serial%22%3A+%7B%22custom%22%3A+false%7D%2C+%22password%22%3A+%220000%22%7D&amp;mode=play&amp;logo_url=http%3A%2F%2Fportal.iptvprivateserver.tv%2Fstalker_portal%2Fmisc%2Flogos%2F320%2F487.png&quot;)</favourite>
    <favourite name="Adult 19" thumb="http://portal.iptvprivateserver.tv/stalker_portal/misc/logos/320/489.png">PlayMedia(&quot;plugin://plugin.video.stalker/?tmp=0&amp;genre_name=%5B%27For+Adults%27%5D&amp;title=Adult+19&amp;cmd=http%3A%2F%2Fiptvnation.com%2Fporn%2Fvideo.mp4&amp;portal=%7B%22name%22%3A+%22NFPS%22%2C+%22parental%22%3A+%22false%22%2C+%22url%22%3A+%22http%3A%2F%2Fportal.iptvprivateserver.tv%22%2C+%22mac%22%3A+%2200%3A1A%3A78%3AA2%3A70%3A47%22%2C+%22serial%22%3A+%7B%22custom%22%3A+false%7D%2C+%22password%22%3A+%220000%22%7D&amp;mode=play&amp;logo_url=http%3A%2F%2Fportal.iptvprivateserver.tv%2Fstalker_portal%2Fmisc%2Flogos%2F320%2F489.png&quot;)</favourite>
    <favourite name="Adult 20" thumb="http://portal.iptvprivateserver.tv/stalker_portal/misc/logos/320/593.png">PlayMedia(&quot;plugin://plugin.video.stalker/?tmp=0&amp;genre_name=%5B%27For+Adults%27%5D&amp;title=Adult+20&amp;cmd=http%3A%2F%2Fiptvnation.com%2Fporn%2Fvideo.mp4&amp;portal=%7B%22name%22%3A+%22NFPS%22%2C+%22parental%22%3A+%22false%22%2C+%22url%22%3A+%22http%3A%2F%2Fportal.iptvprivateserver.tv%22%2C+%22mac%22%3A+%2200%3A1A%3A78%3AA2%3A70%3A47%22%2C+%22serial%22%3A+%7B%22custom%22%3A+false%7D%2C+%22password%22%3A+%220000%22%7D&amp;mode=play&amp;logo_url=http%3A%2F%2Fportal.iptvprivateserver.tv%2Fstalker_portal%2Fmisc%2Flogos%2F320%2F593.png&quot;)</favourite>
    <favourite name="Adult 21" thumb="http://portal.iptvprivateserver.tv/stalker_portal/misc/logos/320/595.png">PlayMedia(&quot;plugin://plugin.video.stalker/?tmp=0&amp;genre_name=%5B%27For+Adults%27%5D&amp;title=Adult+21&amp;cmd=http%3A%2F%2Fiptvnation.com%2Fporn%2Fvideo.mp4&amp;portal=%7B%22name%22%3A+%22NFPS%22%2C+%22parental%22%3A+%22false%22%2C+%22url%22%3A+%22http%3A%2F%2Fportal.iptvprivateserver.tv%22%2C+%22mac%22%3A+%2200%3A1A%3A78%3AA2%3A70%3A47%22%2C+%22serial%22%3A+%7B%22custom%22%3A+false%7D%2C+%22password%22%3A+%220000%22%7D&amp;mode=play&amp;logo_url=http%3A%2F%2Fportal.iptvprivateserver.tv%2Fstalker_portal%2Fmisc%2Flogos%2F320%2F595.png&quot;)</favourite>
    <favourite name="Adult 22" thumb="http://portal.iptvprivateserver.tv/stalker_portal/misc/logos/320/597.png">PlayMedia(&quot;plugin://plugin.video.stalker/?tmp=0&amp;genre_name=%5B%27For+Adults%27%5D&amp;title=Adult+22&amp;cmd=http%3A%2F%2Fiptvnation.com%2Fporn%2Fvideo.mp4&amp;portal=%7B%22name%22%3A+%22NFPS%22%2C+%22parental%22%3A+%22false%22%2C+%22url%22%3A+%22http%3A%2F%2Fportal.iptvprivateserver.tv%22%2C+%22mac%22%3A+%2200%3A1A%3A78%3AA2%3A70%3A47%22%2C+%22serial%22%3A+%7B%22custom%22%3A+false%7D%2C+%22password%22%3A+%220000%22%7D&amp;mode=play&amp;logo_url=http%3A%2F%2Fportal.iptvprivateserver.tv%2Fstalker_portal%2Fmisc%2Flogos%2F320%2F597.png&quot;)</favourite>
    <favourite name="Adult 23" thumb="http://portal.iptvprivateserver.tv/stalker_portal/misc/logos/320/1019.png">PlayMedia(&quot;plugin://plugin.video.stalker/?tmp=0&amp;genre_name=%5B%27For+Adults%27%5D&amp;title=Adult+23&amp;cmd=ffrt2+rtmp%3A%2F%2Fedge2.everyon.tv%2Fetv2%2Fpld1008&amp;portal=%7B%22name%22%3A+%22NFPS%22%2C+%22parental%22%3A+%22false%22%2C+%22url%22%3A+%22http%3A%2F%2Fportal.iptvprivateserver.tv%22%2C+%22mac%22%3A+%2200%3A1A%3A78%3AA2%3A70%3A47%22%2C+%22serial%22%3A+%7B%22custom%22%3A+false%7D%2C+%22password%22%3A+%220000%22%7D&amp;mode=play&amp;logo_url=http%3A%2F%2Fportal.iptvprivateserver.tv%2Fstalker_portal%2Fmisc%2Flogos%2F320%2F1019.png&quot;)</favourite>
    <favourite name="Adult 24" thumb="http://portal.iptvprivateserver.tv/stalker_portal/misc/logos/320/1021.png">PlayMedia(&quot;plugin://plugin.video.stalker/?tmp=0&amp;genre_name=%5B%27For+Adults%27%5D&amp;title=Adult+24&amp;cmd=http%3A%2F%2Fiptvnation.com%2Fporn%2Fvideo.mp4&amp;portal=%7B%22name%22%3A+%22NFPS%22%2C+%22parental%22%3A+%22false%22%2C+%22url%22%3A+%22http%3A%2F%2Fportal.iptvprivateserver.tv%22%2C+%22mac%22%3A+%2200%3A1A%3A78%3AA2%3A70%3A47%22%2C+%22serial%22%3A+%7B%22custom%22%3A+false%7D%2C+%22password%22%3A+%220000%22%7D&amp;mode=play&amp;logo_url=http%3A%2F%2Fportal.iptvprivateserver.tv%2Fstalker_portal%2Fmisc%2Flogos%2F320%2F1021.png&quot;)</favourite>
</favourites>
