<?xml version="1.0" encoding="UTF-8" standalone="yes"?>
<addon id="plugin.video.canhacgiaitri"
       name="Ca Nhac Giai Tri"
       version="1.4.8"
       provider-name="nguyentuan">
  <requires>
     <import addon="xbmc.python" version="2.1.0"/>  
  </requires>
  <extension point="xbmc.python.pluginsource"
            library="default.py">
        <provides>video</provides>
  </extension>
  <extension point="xbmc.addon.metadata">
    <summary>livestreams</summary>
    <description>Ca Nhac Giai Tri</description>
    <platform>all</platform>
  </extension>
</addon>
