<?xml version="1.0" encoding="UTF-8" standalone="yes"?>
<addon id="plugin.video.ccloud.tv" name="cCloud.tv" version="1.4.6" provider-name="podgod-mod">
  <requires>
    <import addon="xbmc.python" version="2.1.0"/>
    <import addon="script.module.beautifulsoup" version="3.2.1"/>
    <import addon="script.module.simple.downloader" version="0.9.4"/>
    <import addon="script.module.beautifulsoup4"/>
    <import addon="script.module.simple.downloader" version="0.9.4"/>
    <import addon="script.module.requests"/>
    <import addon="script.module.httplib2"/>
    <import addon="script.module.youtube.dl" optional="true"/>
    <import addon="plugin.video.youtube"/>
    <import addon="script.module.urlresolver" optional="true"/>
    <import addon="script.module.simplejson"/>    
  </requires>
  <extension point="xbmc.python.pluginsource" library="default.py">
    <provides>video</provides>
  </extension>
  <extension point="xbmc.service" library="autostart.py" start="startup">
  </extension>  
  <extension point="xbmc.addon.metadata">
    <summary>All the best from cCloud TV</summary>
    <description>cCloud is an open source cloud based social IPTV service. It is built by the community for the community, where streaming is just a click away. Just click, play and stream yup it's that simple. Just go to http://ccloudtv.org  and enjoy:) Please report any channels that are down here http://www.tiny.cc/reportchs 
    </description>
	<license>http://www.gnu.org/licenses/</license>
    <forum>http://ccloudtv.org/forum</forum>
    <website>http://ccloudtv.org</website>
    <website>http://facebook.com/ccloudapp</website>
    <website>http://twitter.com/ccloudapp</website>
    <email/>
    <platform>all</platform>
  </extension>
</addon>
