<?xml version="1.0" encoding="UTF-8" standalone="yes"?>
<addon id="plugin.video.ero-tik" name="Ero-Tik (XXX)" version="1.0.9" provider-name="Metalkettle">
  <requires>
    <import addon="xbmc.python" version="2.1.0"/>
    <import addon="script.module.t0mm0.common" version="1.1.0"/>
    <import addon="script.module.beautifulsoup"/>
  </requires>
  <extension point="xbmc.python.pluginsource" library="default.py">
        <provides>video</provides>
  </extension>
  <extension point="xbmc.addon.metadata">
    <summary lang="en">Full Length Adult HD Content from Ero-Tik.com</summary>
    <description lang="en">Full Length Adult HD Content from Ero-Tik.com</description>
    <disclaimer>Adults Only! 18+</disclaimer>
    <platform>all</platform>
                <forum>http://www.adultxbmc.com</forum>
                <website>http://www.adultxbmc.com</website>
  </extension>
</addon>
